,temporada,programa,cancion,artista,j1,j2,j3,j4,publico,a,b,c
0,0,0,"Born This Way, de Lady Gaga",Angy,56,12,12,12,10,Toñi,,
1,0,0,"Pena, penita, pena, de Lola Flores",Toñi Salazar,52,10,10,10,12,Angy,,
2,0,0,"Amante bandido, de Miguel Bosé",Josema Yuste,38,8,9,8,9,Julio,,
3,0,0,"Vivir así es morir de amor, de Camilo Sesto",Francisco,31,7,8,7,8,Angy,,
4,0,0,"With or Without You, de Bono (U2)","Julio Iglesias, Jr.",30,5,5,5,5,Sylvia,,
5,0,0,"En el amor todo es empezar, de Raffaella Carrá",Carolina Ferre,28,9,6,6,7,Toñi,,
6,0,0,"Ven a bailar, de Jennifer Lopez",Sylvia Pantoja,25,6,4,4,6,Josema,,
7,0,0,"19 días y 500 noches, de Joaquín Sabina",Santiago Segura,24,4,7,9,4,Julio,,
0,0,1,"Cabaret, de Liza Minnelli (Cabaret)",Sylvia Pantoja,68,12,10,9,10,12,Santiago,
1,0,1,"Private Dancer, de Tina Turner","Julio Iglesias, Jr.",60,9,12,12,12,10,Santiago,
2,0,1,"I Just Called to Say I Love You, de Stevie Wonder",Santiago Segura,51,7,8,10,7,9,Sylvia,
3,0,1,"Me gustas mucho, de Rocío Dúrcal",Angy,45,10,9,8,6,7,Sylvia,
4,0,1,"Nessun dorma, de Luciano Pavarotti",Francisco,36,8,6,7,9,6,Julio,
5,0,1,"El chiringuito, El africano y La barbacoa, de Georgie Dann",Josema Yuste,34,6,7,5,8,8,Angy,
6,0,1,"La, la, la, de Massiel",Toñi Salazar,28,4,5,6,4,4,Sylvia,
7,0,1,"Like a Virgin, de Madonna",Carolina Ferre,23,5,4,4,5,5,Toñi,
0,0,2,Como una ola  de Rocío Jurado,Francisco,63,6,6,10,7,9,Toñi,
1,0,2,Soy gitano de Camarón de la Isla,Toñi Salazar,58,10,10,9,9,10,Francisco,
2,0,2,Escándalo de Raphael,Santiago Segura,56,12,12,8,12,12,Francisco,
3,0,2,Las flechas del amor de Karina,Carolina Ferre,45,8,7,12,10,8,Francisco,
4,0,2,Only Girl (In the World) de Rihanna,Angy,36,9,9,6,5,7,Julio,
5,0,2,It's My Life de Jon Bon Jovi (Bon Jovi),"Julio Iglesias, Jr.",32,5,5,5,6,6,Francisco,
6,0,2,Loca de Shakira,Sylvia Pantoja,31,7,8,7,4,5,Francisco,
7,0,2,Imagine de John Lennon,Josema Yuste,24,4,4,4,8,4,Toñi,
0,0,3,Girls Just Want to Have Fun de Cyndi Lauper,Angy,59,12,9,8,10,10,Carolina,
1,0,3,Bomba de King África,Carolina Ferre,57,8,8,10,12,9,Angy,
2,0,3,Esta cobardía de Chiquetete,Sylvia Pantoja,49,10,10,12,9,8,Julio,
3,0,3,"No Woman, No Cry de Bob Marley","Julio Iglesias, Jr.",47,9,12,7,8,6,Angy,
4,0,3,No hago otra cosa que pensar en ti de Joan Manuel Serrat,Josema Yuste,40,7,6,4,6,12,Santiago,
5,0,3,Are You Lonesome Tonight? de Elvis Presley,Francisco,32,6,5,9,5,7,Santiago,
6,0,3,I've Got You Under My Skin de Frank Sinatra,Santiago Segura,31,4,4,5,4,4,Josema,
7,0,3,A quién le importa de Alaska (Alaska y Dinarama),Toñi Salazar,30,5,7,6,7,5,Carolina,
0,0,4,Se acabó de María Jiménez,Toñi Salazar,57,10,10,8,12,12,Sylvia,
1,0,4,I Wanna Be Loved By You de Marilyn Monroe (Con faldas y a lo loco),Sylvia Pantoja,47,8,7,9,7,6,Toñi,
2,0,4,(I Can't Get No) Satisfaction de Mick Jagger (The Rolling Stones),"Julio Iglesias, Jr.",46,12,9,10,10,5,Carolina,
3,0,4,Dile de Luis Aguilé,Josema Yuste,44,9,8,5,9,8,Carolina,
4,0,4,Thriller de Michael Jackson,Angy,42,7,6,12,5,7,Toñi,
5,0,4,Dos gardenias de Antonio Machín,Francisco,42,6,12,7,8,9,Josema,
6,0,4,Ni una sola palabra de Paulina Rubio,Carolina Ferre,38,4,4,4,6,10,Sylvia,
7,0,4,"Mamá, quiero ser artista y La chica ye-ye de Concha Velasco",Santiago Segura,24,5,5,6,4,4,Angy,
0,0,5,Un año más de Ana Torroja (Mecano),Josema Yuste,65,10,12,12,12,9,Sylvia,
1,0,5,Mi jaca de Estrellita Castro,Sylvia Pantoja,60,12,10,10,10,8,Toñi,
2,0,5,Sarandonga de Lolita Flores,Carolina Ferre,49,7,7,9,9,7,Josema,
3,0,5,Hey y Me olvidé de vivir de Julio Iglesias,"Julio Iglesias, Jr.",42,8,9,8,7,10,Francisco,
4,0,5,"Me va, me va y Bamboleo de Julio Iglesias",Santiago Segura,42,9,8,7,6,12,Carolina,
5,0,5,Hero de Mariah Carey,Angy,32,6,6,6,8,6,Carolina,
6,0,5,Yo viviré de Celia Cruz,Toñi Salazar,28,5,4,5,5,4,Sylvia,
7,0,5,It's not Unusual de Tom Jones,Francisco,27,4,5,4,4,5,Josema,
0,0,6,El gato que está triste y azul y Un millón de amigos de Roberto Carlos,Santiago Segura,61,8,12,8,10,8,Toñi,
1,0,6,Smells Like Teen Spirit de Kurt Cobain (Nirvana),"Julio Iglesias, Jr.",60,9,6,9,9,12,Santiago,
2,0,6,Maldito duende de Enrique Bunbury (Héroes del Silencio),Francisco,49,12,10,6,12,9,Santiago,
3,0,6,Bulería de David Bisbal,Angy,48,10,9,12,7,10,Julio,
4,0,6,Bienvenidos de Miguel Ríos,Josema Yuste,37,7,8,7,8,7,Sylvia,
5,0,6,Marinero de luces de Isabel Pantoja,Toñi Salazar,32,4,7,5,6,5,Julio,
6,0,6,Cuando tú vas de Chenoa,Carolina Ferre,30,6,5,10,5,4,Julio,
7,0,6,Al son del tambor de Rosario Flores,Sylvia Pantoja,28,5,4,4,4,6,Santiago,
0,0,7,Rehab de Amy Winehouse,"Julio Iglesias, Jr.",62,10,12,10,10,5,Toñi,
1,0,7,Karma Chameleon de Boy George (Culture Club),Santiago Segura,57,12,9,12,9,10,Julio,
2,0,7,El partido de fútbol de Rita Pavone,Carolina Ferre,48,7,10,8,12,6,Sylvia,
3,0,7,Loca de Luz Casal,Toñi Salazar,47,9,8,6,7,7,Julio,
4,0,7,Soy yo de Marta Sánchez,Sylvia Pantoja,38,5,5,9,5,9,Carolina,
5,0,7,"Pavo real de José Luis Rodríguez ""El Puma""",Josema Yuste,37,8,6,7,8,8,Toñi,
6,0,7,Left Outside Alone de Anastacia,Angy,35,6,7,4,6,12,Santiago,
7,0,7,Vivo cantando de Salomé,Francisco,21,4,4,5,4,4,Julio,
0,0,8,Si bastasen un par de canciones y Fantástico amor de Eros Ramazzotti,Santiago Segura,55,12,10,10,8,Angy,,
1,0,8,Don't Stop Me Now de Freddie Mercury (Queen),Angy,48,9,12,12,10,Sylvia,,
2,0,8,Su canción de Betty Missiego,Josema Yuste,42,10,9,9,9,Carolina,,
3,0,8,Torero de Chayanne,Carolina Ferre,39,4,6,7,12,Santiago,,
4,0,8,Last Dance de Donna Summer,Sylvia Pantoja,29,7,5,5,7,Josema,,
5,0,8,Lo siento mi amor de Falete,Toñi Salazar,27,8,7,8,4,Santiago,,
6,0,8,Gloria de Umberto Tozzi,"Julio Iglesias, Jr.",26,6,8,6,6,Santiago,,
7,0,8,Cobarde de David Bustamante,Francisco,18,5,4,4,5,Carolina,,
0,1,0,"These Boots Are Made for Walkin', de Nancy Sinatra",Roko,57,12,12,12,12,9,Daniel,
1,1,0,"Aire, de Pedro Marín",Arturo Valls,50,8,10,10,10,12,Daniel,
2,1,0,Viaje con nosotros y Caperucita feroz de Javier Gurruchaga (Orquesta Mondragón),Santiago Segura,48,9,9,8,8,4,María,
3,1,0,"Can't Get You Out of My Head , de Kylie Minogue",Anna Simon,44,10,8,9,7,10,Santiago,
4,1,0,"I will always love you, de Whitney Houston",Daniel Diges,41,5,5,4,9,8,Santiago,
5,1,0,"Se fue, de Laura Pausini",Ángeles Muñoz,35,4,7,6,6,7,María,
6,1,0,"Bailar pegados, de Sergio Dalma",Javier Herrero,35,7,6,7,4,6,Ángeles,
7,1,0,"El bimbó, El negro no puede, El africano y La barbacoa, de Georgie Dann",María del Monte,35,6,4,5,5,5,Javier,
0,1,1,"Soy minero, de Antonio Molina",Daniel Diges,46,7,7,6,8,8,Javier,
1,1,1,"Lágrimas negras, de Diego el Cigala",Javier Herrero,39,6,8,7,4,4,María,
2,1,1,"Juntos, de Paloma San Basilio",Roko,29,8,6,4,6,5,Arturo,
3,1,1,"Quizás, quizás, quizás, Ansiedad, Cachito, Yo vendo unos ojos negros y Capullito de alhelí, de Nat King Cole",Santiago Segura,29,4,4,8,7,6,Anna,
4,1,1,"Mi tierra, de Gloria Estefan",María del Monte,29,4,4,5,4,7,Anna,
5,1,1,"Fly away, de Lenny Kravitz",Anna Simon,30,4,4,4,4,4,Daniel,
6,1,1,"Por la boca vive el pez, de Fito Cabrales (Fito y Fitipaldis)",Ángeles Muñoz,22,5,4,4,5,4,Daniel,
7,1,1,"Faith, de George Michael",Arturo Valls,26,4,5,4,4,4,Javier,
0,1,2,"Que nadie sepa mi sufrir, de María Dolores Pradera",María del Monte,52,8,7,7,7,8,Santiago,
1,1,2,"Noelia, de Nino Bravo",Daniel Diges,39,7,6,8,6,7,Anna,
2,1,2,"Baby, de Justin Bieber",Roko,34,6,8,4,5,6,Marìa,
3,1,2,"Que me coma el tigre, de Lola Flores",Anna Simon,31,4,4,6,8,4,Marìa,
4,1,2,"Ilarié, de Xuxa",Ángeles Muñoz,24,5,5,4,5,5,Roko,
5,1,2,"Solo pienso en ti y Nada sabe tan dulce como su boca, de Víctor Manuel",Santiago Segura,26,4,4,5,4,4,Daniel,
6,1,2,"Sola (con un desconocido), de Marta Sánchez (Olé Olé)",Arturo Valls,25,4,4,4,4,4,Marìa,
7,1,2,"Mañanas de terciopelo, de Demis Roussos",Javier Herrero,20,4,4,4,4,4,Arturo,
0,1,3,"Dulce locura, de Amaia Montero (La Oreja de Van Gogh)",Anna Simon,59,8,8,7,8,8,Ángeles,
1,1,3,"Como un vagabundo, de Bertín Osborne",Arturo Valls,41,5,7,6,6,7,Anna,
2,1,3,"Volver, de Carlos Gardel",María del Monte,29,4,5,8,7,5,Arturo,
3,1,3,"Sevillanas de los bloques (Estoy atacá), de Martirio",Roko,29,6,6,4,4,4,Anna,
4,1,3,"Eloise, de Tino Casal",Daniel Diges,24,7,4,5,4,4,Arturo,
5,1,3,"Love me tender y Viva Las Vegas, de Elvis Presley",Santiago Segura,23,4,4,4,5,6,Roko,
6,1,3,"Fue tan poco tu cariño, de Rocío Dúrcal",Ángeles Muñoz,31,4,4,4,4,4,Anna,
7,1,3,"La flaca, de Pau Donés (Jarabe de Palo)",Javier Herrero,20,4,4,4,4,4,Anna,
0,1,4,"Yo no soy esa, de Mari Trini",Javier Herrero,55,4,4,4,4,4,Ángeles,
1,1,4,"Someone like you, de Adele",Roko,36,6,8,6,8,8,Javier,
2,1,4,"Fumando espero, de Sara Montiel (El último cuplé)",María del Monte,33,8,7,7,7,4,Javier,
3,1,4,"Super Superman, de Miguel Bosé",Arturo Valls,31,7,6,8,4,6,Javier,
4,1,4,"El toro guapo y Apatrullando la ciudad, de El Fary",Santiago Segura,23,4,4,4,4,7,Javier,
5,1,4,"Bad romance, de Lady Gaga",Anna Simon,23,4,5,5,5,4,Javier,
6,1,4,"No soy un superman, de David Bustamante",Daniel Diges,23,5,4,4,6,4,Javier,
7,1,4,"No dudaría, de Antonio Flores",Ángeles Muñoz,25,4,4,4,4,4,Javier,
0,1,5,"Never gonna give you up, de Rick Astley",Arturo Valls,47,7,8,8,4,María,,
1,1,5,"La bien pagá, de Miguel de Molina",Roko,34,8,7,6,8,Ángeles,,
2,1,5,"Mujer latina, de Thalía",Ángeles Muñoz,23,4,4,5,5,Arturo,,
3,1,5,"Ai Se Eu Te Pego, de Michel Teló",María del Monte,23,4,6,4,4,Arturo,,
4,1,5,"Visa para un sueño, La bilirrubina y Ojalá que llueva café, de Juan Luis Guerra",Santiago Segura,28,4,4,4,6,Arturo,,
5,1,5,"Yo quiero bailar, de Sonia Madoc (Sonia y Selena)",Anna Simon,21,5,5,7,4,Anna:Arturo      Patricia: Santiago,,
6,1,5,"The Final Countdown, de Joey Tempest (Europe)",Daniel Diges,21,6,4,4,7,Roko,,
7,1,5,"Perdóname, de Camilo Sesto",Javier Herrero,16,4,4,4,4,Santiago,,
0,1,6,"Mi gente, de Lucrecia",Ángeles Muñoz,56,4,4,4,4,Arturo,,
1,1,6,"Price Tag, de Jessie J",Roko,31,8,8,7,8,Ángeles,,
2,1,6,"Estando contigo y Tómbola, de Marisol",Anna Simon,27,6,7,8,6,Ángeles,,
3,1,6,"Amor de hombre, de Amaya Uranga (Mocedades)",María del Monte,26,7,6,6,7,Ángeles,,
4,1,6,"Experiencia religiosa, de Enrique Iglesias",Arturo Valls,25,5,5,5,5,Ángeles,,
5,1,6,"Será que no me amas, de Luis Miguel",Daniel Diges,16,4,4,4,4,Ángeles,,
6,1,6,"Killing Me Softly, de Pitingo",Javier Herrero,16,4,4,4,4,Ángeles,,
7,1,6,"Sólo se vive una vez, de Encarna Salazar (Azúcar Moreno)",Santiago Segura,16,4,4,4,4,Julio:Ángeles Santiago:Ángeles,,
0,1,7,"Gangnam Style, de PSY",Santiago Segura,60,8,8,8,8,8,Ángeles,
1,1,7,"Hijo de la luna, de Montserrat Caballé",Daniel Diges,39,7,7,7,7,6,Santiago,
2,1,7,"Este amor no se toca, de Yuri",Roko,27,6,6,4,6,5,Anna,
3,1,7,"Entre mis recuerdos, de Luz Casal",Ángeles Muñoz,29,4,4,5,4,7,Santiago,
4,1,7,"California Gurls, de Katy Perry",Anna Simon,28,5,5,4,5,4,Santiago,
5,1,7,"Gavilán o paloma, de Pablo Abraira",Javier Herrero,22,4,4,6,4,4,Santiago,
6,1,7,"Umbrella, de Rihanna",Arturo Valls,20,4,4,4,4,4,Daniel,
7,1,7,"Soy rebelde y Por qué te vas, de Jeanette",María del Monte,20,4,4,4,4,4,Roko,
0,1,8,"Euphoria, de Loreen",Roko,54,8,8,8,7,8,Marìa,
1,1,8,"Canta y sé feliz, de Peret",María del Monte,48,7,7,5,8,6,Roko,
2,1,8,"Bailemos un vals, de José Vélez",Arturo Valls,31,5,6,7,6,7,Santiago,
3,1,8,"Marionetas en la cuerda, de Sandie Shaw",Anna Simon,24,6,4,4,5,5,Roko,
4,1,8,"Baila el chiki chiki, de Rodolfo Chiquilicuatre",Santiago Segura,27,4,4,6,4,4,Marìa,
5,1,8,"Europe's living a celebration, de Rosa López",Daniel Diges,21,4,5,4,4,4,Marìa,
6,1,8,"Diva, de Dana International",Ángeles Muñoz,20,4,4,4,4,4,Javier,
7,1,8,"Gwendolyne, de Julio Iglesias",Javier Herrero,25,4,4,4,4,4,Roko,
0,1,9,"Francisco Alegre, de Juanita Reina",María del Monte,72,12,12,9,12,12,Ángeles,
1,1,9,"My baby just cares for me, de Nina Simone",Roko,56,10,9,12,10,10,Marìa,
2,1,9,"Pretty woman, de Roy Orbison",Daniel Diges,48,9,10,10,6,8,Arturo,
3,1,9,"El baile del gorila, de Melody",Ángeles Muñoz,44,7,6,8,9,9,Roko,
4,1,9,"Así me gusta a mí y La tía Enriqueta, de Chimo Bayo",Arturo Valls,35,4,8,4,7,7,Marìa,
5,1,9,"Dance Again, de Jennifer López",Anna Simon,32,6,5,7,4,5,Marìa,
6,1,9,"Maria Caipirinha, de Carlinhos Brown",Santiago Segura,32,8,7,5,8,4,Anna,
7,1,9,"Nada fue un error, de Coti",Javier Herrero,26,5,4,6,5,6,Daniel,
0,1,10,"Fiesta, de Raffaella Carrá",Santiago Segura,51,9,10,10,12,Roko,,
1,1,10,"Ni tu ni nadie, de Alaska",Anna Simon,44,10,12,12,10,María,,
2,1,10,"Suerte, de Shakira",Roko,44,12,9,9,9,Arturo,,
3,1,10,"Corazón partío, de Alejandro Sanz",Javier Herrero,33,4,5,6,8,Daniel,,
4,1,10,"Y, ¿si fuera ella?, de Alejandro Sanz",Daniel Diges,30,7,8,4,6,Javier,,
5,1,10,"Loba, de Shakira",Arturo Valls,29,5,7,5,7,Javier,,
6,1,10,"Bailando, de Alaska",María del Monte,29,8,4,7,5,Santiago,,
7,1,10,"Hay que venir al sur, de Raffaella Carrá",Ángeles Muñoz,24,6,6,8,4,Santiago,,
0,1,11,"Luz de luna, de Chavela Vargas",María del Monte,70,12,12,12,12,12,Ángeles,
1,1,11,"Violetas imperiales, de Luis Mariano",Daniel Diges,56,10,8,10,9,9,Santiago,
2,1,11,"Hola don Pepito, Susanita, Mi familia, Chinito de amor y El auto nuevo, de Fofito (Los Payasos de la Tele)",Santiago Segura,46,7,9,7,10,8,Daniel,
3,1,11,"Starman, de David Bowie",Arturo Valls,45,9,10,8,8,10,Javier,
4,1,11,"Se me enamora el alma, de Isabel Pantoja",Ángeles Muñoz,39,5,6,5,6,7,María,
5,1,11,"Help, ayúdame, de Tony Ronald",Javier Herrero,31,4,4,9,5,4,María,
6,1,11,"Call me maybe, de Carly Rae Jepsen",Anna Simon,30,6,7,4,7,6,Daniel,
7,1,11,"Starships, de Nicki Minaj",Roko,28,8,5,6,4,5,Ángeles,
0,1,12,"Qué será, de José Feliciano",Arturo Valls,68,12,12,9,8,12,María,
1,1,12,"Valió la pena, de Marc Anthony",Daniel Diges,50,10,9,7,10,9,Ángeles,
2,1,12,"Tenía tanto que darte, de Mai Meneses (Nena Daconte)",Ángeles Muñoz,46,6,7,6,12,10,María,
3,1,12,"Purple rain, de Prince",Santiago Segura,46,9,10,10,9,8,Daniel,
4,1,12,"Un ramito de violetas, de Manzanita",María del Monte,43,7,6,8,6,6,Arturo,
5,1,12,"Love is the only way, de Macaco",Roko,36,8,8,5,5,5,Arturo,
6,1,12,"El baile de los pajaritos, de María Jesús y su acordeón",Javier Herrero,29,4,5,12,4,4,Arturo,
7,1,12,"La madre de José, de Dani Martín (El Canto del Loco)",Anna Simon,27,5,4,4,7,7,Roko,
0,1,13,"One way or another, de Deborah Harry (Blondie)",Anna Simon,55,12,9,12,12,Javier,,
1,1,13,"Ma Baker, Rasputin y Daddy Cool, de Bobby Farrell (Boney M)",Santiago Segura,49,9,12,9,9,Anna,,
2,1,13,"Party rock anthem y Sexy and I know it, de Redfoo (LMFAO)",Arturo Valls,38,8,10,10,10,Anna,,
3,1,13,"Tú me camelas, de Niña Pastori",Daniel Diges,34,6,6,6,6,Santiago,,
4,1,13,"Búscate un hombre que te quiera e Himno del Sevilla, de El Arrebato",María del Monte,34,10,8,8,8,Daniel,,
5,1,13,"Barbie girl, de Lene Nystrøm (Aqua)",Ángeles Muñoz,28,7,7,7,7,Daniel,,
6,1,13,"¿Y cómo es él?, de José Luis Perales",Javier Herrero,25,5,5,5,5,Santiago,,
0,1,14,"Video games, de Lana del Rey",Roko,1.ª Finalista (Jurado),,,,,,,
1,1,14,"Azul, de Cristian Castro",Daniel Diges,2º Finalista (Público),,,,,,,
2,1,14,"Da ya think I'm sexy?, de Rod Stewart",Arturo Valls,3.er Finalista (Público),,,,,,,
3,1,14,"Puro teatro, de La Lupe",María del Monte,Eliminada / 4.ª Clasificada,,,,,,,
4,1,14,"Great balls of fire, de Jerry Lee Lewis",Santiago Segura,Eliminado / 5.º Clasificado,,,,,,,
5,1,14,"Eres un enfermo, de Vicky Bodega (Las Supremas de Móstoles)",Anna Simon,,,,,,,,
6,1,14,"Eres un enfermo, de Luisi Bodega (Las Supremas de Móstoles)",Ángeles Muñoz,,,,,,,,
7,1,14,"La de la mochila azul, de Pedrito Fernández",Javier Herrero,,,,,,,,
0,2,0,"Girl on Fire, de Alicia Keys",Edurne,56,11,12,11,12,Santi,,
1,2,0,"Laura no está, de Nek",Xuso Jones,46,9,11,10,11,Edurne,,
2,2,0,"Arrasando, de Thalía",Melody,43,12,10,12,9,Florentino,,
3,2,0,"The best, de Tina Turner",Ángela Carrasco,42,8,9,7,8,Santi,,
4,2,0,"No controles, de Vicky Larraz (Olé Olé)",Llum Barrera,36,10,7,9,10,Ángela,,
5,2,0,"Veo, veo, de Teresa Rabal",Santi Rodríguez,35,6,6,8,5,Xuso,,
6,2,0,"Me encanta, de Mario Vaquerizo (Nancys Rubias)",Florentino Fernández,30,7,5,6,7,Los Chunguitos,,
7,2,0,"Sex Bomb, de Tom Jones",José Manuel Soto,23,5,8,4,6,Edurne,,
8,2,0,"La raja de tu falda, de Estopa",Los Chunguitos,22,4,4,5,4,Ángela,,
0,2,1,"Paco, Paco, Paco, de Encarnita Polo",Llum Barrera,61,11,12,12,11,Florentino,,
1,2,1,"Aprendiz, de Malú",Melody,45,12,10,11,12,Los Chunguitos,,
2,2,1,"Por ti volaré, de Andrea Bocelli",Florentino Fernández,41,6,8,10,7,Llum,,
3,2,1,"Sweet child o' mine, de Axl Rose",Edurne,39,10,11,8,10,Angela,,
4,2,1,"La gata bajo la lluvia, de Rocio Dúrcal",Angela Carrasco,36,7,9,6,9,Los Chunguitos,,
5,2,1,"Resistiré, de Dúo Dinámico",Los Chunguitos,32,4,4,4,5,Florentino,,
6,2,1,"I know you want me, de Pitbull",Santi Rodríguez,30,9,6,9,6,Llum,,
7,2,1,"El emigrante, de Juanito Valderrama",José Manuel Soto,25,5,5,7,8,Los Chunguitos,,
8,2,1,"Locked out of heaven, de Bruno Mars",Xuso Jones,24,8,7,5,4,Llum,,
0,2,2,"Holding out for a hero, de Bonnie Tyler",Melody,71,12,11,12,11,José Manuel,,
1,2,2,"Devuélveme a mi chica, de David Summers (Hombres G)",Xuso Jones,48,10,10,11,12,Melody,,
2,2,2,"El ritmo del garaje, de Loquillo",Santi Rodríguez,39,11,8,10,10,Melody,,
3,2,2,"¡Chas! y aparezco a tu lado, de Christina Rosenvinge (Álex y Christina)",Llum Barrera,36,9,9,9,9,Melody,,
4,2,2,"There Must Be an Angel (Playing with My Heart), de Annie Lennox (Eurythmics)",Edurne,36,8,12,8,8,Xuso,,
5,2,2,"Santa Lucía, de Miguel Ríos",José Manuel Soto,29,5,5,5,4,Ángela,,
6,2,2,"Simply Irresistible, de Robert Palmer",Florentino Fernández,28,7,7,7,7,José Manuel,,
7,2,2,"A esa, de Pimpinela",Los Chunguitos,24,6,6,6,6,Melody,,
8,2,2,"Si tú eres mi hombre y yo tu mujer, de Jennifer Rush",Ángela Carrasco,22,4,4,4,5,Melody,,
0,2,3,"El manisero, de Antonio Machín",Ángela Carrasco,65,12,11,11,11,Xuso,,
1,2,3,"Let me entertain you, de Robbie Williams",Xuso Jones,50,10,8,12,10,Santi,,
2,2,3,Agradecido de Rosendo,Florentino Fernández,39,7,9,6,12,Ángela,,
3,2,3,"I dreamed a dream, de Susan Boyle",Llum Barrera,37,9,12,10,6,Xuso,,
4,2,3,"Firework, de Katy Perry",Melody,37,11,10,8,8,Ángela,,
5,2,3,"Sin ti no soy nada, de Eva Amaral (Amaral)",Edurne,33,8,7,9,9,Florentino,,
6,2,3,"Mi limón, mi limonero, de Henry Stephen",Santi Rodríguez,31,6,6,7,7,Ángela,,
7,2,3,"Te he echado de menos, de Pablo Alborán",José Manuel Soto,25,5,5,5,5,Ángela,,
8,2,3,"Bandido, de Azúcar Moreno",Los Chunguitos,16,4,4,4,4,José Manuel,,
0,2,4,"El chow chow y Que güeno que estoy, de El Sevilla (Mojinos Escozíos)",Florentino Fernández,61,11,7,12,11,Los Chunguitos,,
1,2,4,"Try, de P!nk",Edurne,57,12,12,11,12,José Manuel,,
2,2,4,"Todos me miran, de Gloria Trevi",Melody,39,10,11,10,8,Edurne,,
3,2,4,"El tío Calambres, de Luis Aguilé",Llum Barrera,37,8,10,9,10,Edurne,,
4,2,4,"El puente, de Helena Bianco (Los Mismos)",Angela Carrasco,30,9,9,6,6,José Manuel,,
5,2,4,"Candle in the wind, de Elton John",José Manuel Soto,30,5,5,5,5,Florentino,,
6,2,4,"Rolling in the deep, de Adele",Xuso Jones,30,7,8,8,7,Florentino,,
7,2,4,"Toda, de Jesulín de Ubrique",Santi Rodríguez,28,6,6,7,9,Florentino,,
8,2,4,"Son de amores, de Andy y Lucas",Los Chunguitos,21,4,4,4,4,Florentino,,
0,2,5,"Opá, yo viazé un corrá, de El Koala",José Manuel Soto,72,10,7,7,8,Xuso,,
1,2,5,"Blurred Lines, de Robin Thicke",Xuso Jones,46,8,9,12,12,José Manuel,,
2,2,5,"Cariño trianero, de Carmen Sevilla",Edurne,44,12,11,11,10,José Manuel,,
3,2,5,"La copa de la vida, de Ricky Martin",Melody,42,11,12,10,9,José Manuel,,
4,2,5,"Sweet Dreams (Are Made of This), de Marilyn Manson",Florentino Fernández,39,9,10,9,11,José Manuel,,
5,2,5,"Tik Tok, de Ke$ha",Llum Barrera,29,7,8,8,6,José Manuel,,
6,2,5,"Que pasa contigo tío, de Los Golfos",Los Chunguitos,22,6,6,6,4,José Manuel,,
7,2,5,"She Works Hard for the Money, de Donna Summer",Ángela Carrasco,21,5,5,4,7,José Manuel,,
8,2,5,"Time goes by con Loli, de La Terremoto de Alcorcón",Santi Rodríguez,18,4,4,5,5,José Manuel,,
0,2,6,"Aquí no hay playa, de Bernardo J. Vázquez (The Refrescos)",Xuso Jones,63,12,8,10,9,9,Ángela,
1,2,6,"Waka Waka (Esto es África), de Shakira",Edurne,57,10,11,11,10,10,Llum,
2,2,6,"El camaleón, Saltando sin parar y La bomba, de King Africa",Florentino Fernández,52,8,10,12,11,11,Santi,
3,2,6,"I will survive, de Gloria Gaynor",Melody,51,11,12,4,12,12,Xuso,
4,2,6,"Cartagena, Pulpa de tamarindo y Me lo dijo Pérez, de Alma María Vaesken (Los 3 Sudamericanos)",Llum Barrera,47,9,9,8,8,8,Xuso,
5,2,6,"La bilirrubina, de Juan Luis Guerra",Ángela Carrasco,40,6,6,7,5,6,Xuso,
6,2,6,"A-ba-ni-bi, de El Chaval de la Peca",José Manuel Soto,37,7,7,9,7,7,Los Chunguitos,
7,2,6,"Eva María y Vacaciones de verano, de Paco Pastor (Fórmula V)",Santi Rodríguez,29,4,4,5,6,5,Ángela,
8,2,6,"Macarena, de Los Del Río",Los Chunguitos,29,5,5,6,4,4,Edurne,
0,2,7,"Cantinero de Cuba, de Sergio y Estíbaliz",Los Chunguitos,66,4,4,12,11,José Manuel,,
1,2,7,"Man! I feel like a woman, de Shania Twain",Edurne,48,11,11,9,12,Los Chunguitos,,
2,2,7,"Achilipú, de Dolores Vargas",Melody,42,12,12,10,8,Los Chunguitos,,
3,2,7,"La culpa fue del cha-cha-cha, de Jaime Urrutia (Gabinete Caligari)",Santi Rodríguez,34,7,6,11,10,Edurne,,
4,2,7,"Enséñame a cantar, de Micky",José Manuel Soto,32,6,7,5,9,Los Chunguitos,,
5,2,7,"This Love, de Adam Levine (Maroon 5)",Xuso Jones,31,9,10,8,4,Los Chunguitos,,
6,2,7,"Rata de dos patas, de Paquita la del Barrio",Florentino Fernández,30,8,9,6,7,Los Chunguitos,,
7,2,7,"El Noa-Noa, de Massiel",Llum Barrera,30,10,8,7,5,Los Chunguitos,,
8,2,7,"Qué hiciste, de Jennifer López",Ángela Carrasco,20,5,5,4,6,Los Chunguitos,,
0,2,8,"Antes muerta que sencilla, de María Isabel",Llum Barrera,53,12,12,12,12,Ángela,,
1,2,8,"Dame veneno y Me sabe a humo, de Juan Salazar de Los Chunguitos",Florentino Fernández,43,11,6,11,5,Los Chunguitos,,
2,2,8,"Dame veneno y Me sabe a humo, de José Salazar de Los Chunguitos",Santi Rodríguez,,,,,,,,
3,2,8,"Toxic, de Britney Spears",Xuso Jones,42,10,7,9,11,Llum,,
4,2,8,"Poker face, de Lady Gaga",Edurne,40,9,11,10,10,Xuso,,
5,2,8,"Quédate conmigo, de Pastora Soler",Melody,39,8,10,5,6,Santi y Florentino,,
6,2,8,"Tico tico no fubá y Mamãe eu quero, de Carmen Miranda",Ángela Carrasco,38,7,9,8,9,Melody,,
7,2,8,"Tatuaje, de Concha Marquez Piquer",José Manuel Soto,29,6,8,7,8,Melody,,
8,2,8,"Te estoy amando locamente, de Las Grecas",Los Chunguitos,28,5,5,6,7,Santi y Florentino,,
0,2,9,"Ma quale idea, de Pino D'Angiò",Santi Rodríguez,70,7,9,12,7,Ángela,,
1,2,9,"Impossible, de James Arthur",Xuso Jones,46,11,12,11,12,Santi,,
2,2,9,"The Shoop Shoop Song (It's in His Kiss), de Cher",Melody,43,12,11,9,11,Los Chunguitos,,
3,2,9,"Grace Kelly, de Mika",Edurne,38,10,10,8,10,Santi,,
4,2,9,Cómo pudiste hacerme esto a mí de Alaska (Alaska y Dinarama/Fangoria),Llum Barrera,35,9,8,10,8,Santi,,
5,2,9,"Credo, de Elsa Baeza",Ángela Carrasco,32,6,6,6,9,Santi,,
6,2,9,"El probe Miguel, de Esperanza la del Maera (Triana Pura)",Florentino Fernández,27,8,7,7,5,Santi,,
7,2,9,"La media vuelta, de Luis Miguel",José Manuel Soto,21,5,5,5,6,Santi,,
8,2,9,"Me pongo colorada, de Papá Levante",Los Chunguitos,21,4,4,4,4,Santi,,
0,2,10,"Salomé, de Chayanne",Xuso Jones,49,8,8,10,11,Ángela,,
1,2,10,"Morena mía, de Miguel Bosé",Santi Rodríguez,45,12,12,11,8,Edurne,,
2,2,10,"El príncipe de Bel-Air y Gettin' Jiggy With It, de Will Smith",Florentino Fernández,42,7,11,9,10,Xuso,,
3,2,10,"Don't speak, de Gwen Stefani (No Doubt)",Melody,42,9,10,12,9,Xuso,,
4,2,10,"Knock on wood, de Amii Stewart",Edurne,38,10,9,8,7,Los Chunguitos,,
5,2,10,"Necesito respirar, de Manuel Martínez (Medina Azahara)",José Manuel Soto,33,11,5,6,6,Los Chunguitos,,
6,2,10,"Boys don't cry, de Robert Smith (The Cure)",Llum Barrera,31,5,7,7,12,Xuso,,
7,2,10,"La vida es bella, de Noa",Ángela Carrasco,27,6,6,5,5,Santi,,
8,2,10,"Loco Mia, de Locomia",Los Chunguitos,26,4,4,4,4,José Manuel,,
0,2,11,"Bring me to life, de Amy Lee (Evanescence)",Edurne,62,12,12,11,12,Llum,,
1,2,11,"Amigo conductor, de Perlita de Huelva",Llum Barrera,48,11,6,10,11,Edurne,,
2,2,11,"Quiéreme, de El Barrio",José Manuel Soto,46,10,9,12,10,Llum,,
3,2,11,"La gota fría, de Carlos Vives",Ángela Carrasco,45,8,10,8,9,Edurne,,
4,2,11,"As Long as You Love Me, de Justin Bieber",Xuso Jones,39,6,11,9,8,Edurne,,
5,2,11,"Carolina, de Carlos Tarque (M Clan)",Santi Rodríguez,30,9,8,6,7,José Manuel,,
6,2,11,"Clavado en un bar, de Fernando Olvera (Maná)",Melody,27,7,7,7,6,Angela,,
7,2,11,"The Fox, de Bård Ylvisåker (Ylvis)",Florentino Fernández,20,5,5,5,5,Xuso,,
8,2,11,"La puerta de Alcalá, de Ana Belén y Víctor Manuel",Los Chunguitos,16,4,4,4,4,Angela,,
0,2,12,"What's Up?, de Linda Perry (4 Non Blondes)",Edurne,53,12,12,12,12,Melody,,
1,2,12,"Yo no te pido la luna, de Fiordaliso",Melody,53,11,11,8,8,José Manuel,,
2,2,12,"Irressistible/Ouragan, de Estefanía de Mónaco",Llum Barrera,38,7,7,9,10,Santi,,
3,2,12,"Nada cambiará mi amor por ti, de Glenn Medeiros",Xuso Jones,38,9,10,10,9,Melody,,
4,2,12,"Dolce vita, de Ryan Paris",José Manuel Soto,36,5,8,7,6,Melody,,
5,2,12,"Born to be alive, de Patrick Hernández",Florentino Fernández,32,8,6,11,7,Edurne,,
6,2,12,"Hasiendo el amor, de Dinio",Santi Rodríguez,30,10,5,6,4,Llum,,
7,2,12,"No rompas más (Mi pobre corazón), de Coyote Dax",Ángela Carrasco,30,6,9,4,11,Los Chunguitos,,
8,2,12,"Vamos a la playa, de Righeira",Los Chunguitos,23,4,4,5,5,José Manuel,,
0,2,13,"The boy does nothing, de Alesha Dixon",Melody,57,11,10,10,11,Llum,,
1,2,13,"Crazy in love, de Beyoncé",Edurne,53,12,12,12,12,Santi,,
2,2,13,"Hey ya!, de André 3000 (Outkast)",Xuso Jones,46,10,11,11,9,Florentino,,
3,2,13,"Rufino, de Luz Casal",Llum Barrera,38,8,6,9,10,Melody,,
4,2,13,"Historia de un amor, de Eydie Gormé y Los Panchos",Ángela Carrasco,35,7,9,8,6,Melody,,
5,2,13,"Don't leave me this way, de Jimmy Sommerville",Florentino Fernández,35,9,8,5,8,Ángela,,
6,2,13,"La Lola, de Manuel Quijano (Café Quijano)",Santi Rodríguez,28,4,7,7,5,Xuso,,
7,2,13,"Romeo y Julieta, de Karina",José Manuel Soto,22,5,4,6,7,Melody,,
8,2,13,"Amigos para siempre, de Los Manolos",Los Chunguitos,19,6,5,4,4,Edurne,,
0,2,14,"Cuban Pete, de Jim Carrey (La Máscara)",Florentino Fernández,58,9,9,8,7,Llum,,
1,2,14,"Like a prayer, de Madonna",Llum Barrera,48,11,10,11,11,Florentino,,
2,2,14,"Hijo de la luna, de Ana Torroja (Mecano)",Melody,40,12,11,6,6,Edurne,,
3,2,14,"Y ahora, de Manuel Carrasco",José Manuel Soto,37,7,6,9,10,Florentino,,
4,2,14,"Bleeding Love, de Leona Lewis",Edurne,36,10,12,4,5,Florentino,,
5,2,14,"Ayer, de Gloria Estefan",Ángela Carrasco,33,5,8,12,8,Florentino,,
6,2,14,"Cuanto más acelero, de Javi Cantero",Santi Rodríguez,30,6,5,10,9,Florentino,,
7,2,14,"Torero, de Julio Iglesias y José Luis Rodríguez ""El Puma""",Los Chunguitos,27,4,4,7,12,Melody,,
8,2,14,"No puedo vivir sin ti, de Coque Malla (Los Ronaldos)",Xuso Jones,24,8,7,5,4,José Manuel,,
0,2,15,"Do What U Want, de Lady Gaga y Christina Aguilera",Melody y Angy,63,12,12,12,12,Florentino,,
1,2,15,"Vivo por ella, de Marta Sánchez y Andrea Bocelli",Edurne y Daniel Diges,46,10,11,11,9,Ángela,,
2,2,15,"You're my heart, you're my soul y Brother Louie, de Thomas Anders y Dieter Bohlen (Modern Talking)",Xuso Jones y Edu Soto,44,11,9,8,11,Llum,,
3,2,15,"All the things she said, de Julia Volkova y Lena Katina (t.A.T.u)",Llum Barrera y Carolina Ferre,41,9,10,9,8,Los Chunguitos,,
4,2,15,"La yenka y Super disco chino, de Enrique del Pozo y Ana Anguita (Enrique y Ana)",Florentino Fernández y Anna Simon,34,8,4,10,7,Melody,,
5,2,15,"Corazón contento, de Marisol y Palito Ortega",Ángela Carrasco y Roberto Leal,33,6,7,5,10,Edurne,,
6,2,15,"Eso es el amor, de María Durán, Mayra Gómez Kemp y Beatriz Escudero (Trío Acuario)",Los Chunguitos y Toñi Salazar,26,7,5,4,5,Melody,,
7,2,15,"Dos hombres y un destino, de David Bustamante y Alex Casademunt",José Manuel Soto y Francisco,25,5,8,6,6,Xuso,,
8,2,15,"La lista de la compra, de Lichis (La Cabra Mecánica) y María Jiménez",Santi Rodríguez y Loles León,21,4,6,7,4,Melody,,
0,2,16,Edurne,792,,,,,,,,
1,2,16,Melody,780,,,,,,,,
2,2,16,Xuso Jones,697,,,,,,,,
3,2,16,Llum Barrera,667,,,,,,,,
4,2,16,Florentino Fernández,637,,,,,,,,
5,2,16,Santi Rodríguez,599,,,,,,,,
6,2,16,Angela Carrasco,570,,,,,,,,
7,2,16,José Manuel Soto,560,,,,,,,,
8,2,16,Los Chunguitos,453,,,,,,,,
0,2,17,Melody,836,,,,,,,,
1,2,17,Xuso Jones,742,,,,,,,,
2,2,17,Llum Barrera,702,,,,,,,,
3,2,17,Florentino Fernández,687,,,,,,,,
4,2,17,Santi Rodríguez,631,,,,,,,,
5,2,17,Angela Carrasco,591,,,,,,,,
6,2,17,José Manuel Soto,590,,,,,,,,
7,2,17,Los Chunguitos,501,,,,,,,,
0,3,0,CL,LF,SD,ÀL,Bonus  (3 puntos),Total,,,,
1,3,0,"The Edge of Glory, de Lady Gaga",Ruth Lorenzo,11,11,12,10,Pablo,44 (12),12,24
2,3,0,"Sugar, de Adam Levine (Maroon 5)",Pablo Puyol,12,10,10,9,Edu,44 (11),10,21
3,3,0,"Al son del tambor, de Rosario Flores",Edu Soto,10,5,6,11,Falete,35 (8),11,19
4,3,0,"¡Qué dolor!, de Raffaella Carrà",Silvia Abril,9,6,11,12,El Sevilla,41 (10),8,18
5,3,0,"Where Are Ü Now, de Justin Bieber",Adrián Rodríguez,7,12,8,7,El Sevilla,34 (7),9,16
6,3,0,"Te amo, de Umberto Tozzi",Falete,8,9,9,8,Ana,37 (9),7,16
7,3,0,"Sólo le pido a Dios, de Ana Belén",Vicky Larraz,6,8,7,6,Silvia,27 (5),6,11
8,3,0,"Walking on Sunshine, de Katrina Leskanich (Katrina & The Waves)",Ana Morgade,5,7,5,5,El Sevilla,28 (6),5,11
9,3,0,"Venezia, de David Summers (Hombres G)",El Sevilla,4,4,4,4,Ana,25 (4),4,8
0,3,1,CL,LF,SD,ÀL,Bonus  (3 puntos),Total,,,,
1,3,1,"Algo de mí, de Camilo Sesto",Edu Soto,10,12,8,11,Pablo,44 (12),12,24
2,3,1,"Barcelona, de Freddie Mercury y Montserrat Caballé (Dos en uno)[18]​",Ruth Lorenzo,9,9,11,9,Pablo,44 (11),11,22
3,3,1,"I'm Outta Love, de Anastacia",Pablo Puyol,8,10,6,10,Ruth,40 (9),10,19
4,3,1,"Amor eterno, de Juan Gabriel",Falete,12,11,12,8,El Sevilla,43 (10),9,19
5,3,1,"Ángel malherido, de El Barrio",Adrián Rodríguez,11,8,7,12,Edu,38 (8),8,16
6,3,1,"Dark Horse, de Katy Perry",Vicky Larraz,7,7,10,6,Ana,30 (6),6,12
7,3,1,"Pégate, de Ylenia",Silvia Abril,4,4,4,5,El Sevilla,20 (4),7,11
8,3,1,"La isla bonita, de Madonna",Ana Morgade,6,6,9,7,Ruth,31 (7),4,11
9,3,1,"Quiero ser como tú, de El Rey Mono (El Libro de la Selva)",El Sevilla,5,5,5,4,Silvia,25 (5),5,10
0,3,2,CL,LF,SD,ÀL,Bonus  (3 puntos),Total,,,,
1,3,2,"Con dos camas vacías, de María Jiménez (Reto)[19]​",Falete,12,12,12,12,Ruth,51 (12),12,24
2,3,2,"El perdón, de Nicky Jam",Adrián Rodríguez,11,11,10,10,Pablo,42 (11),11,22
3,3,2,"Entre dos tierras, de Enrique Bunbury (Héroes del Silencio)",Pablo Puyol,10,10,7,9,Silvia,39 (10),10,20
4,3,2,"Porque te vas, de Jeanette",El Sevilla,5,7,11,11,Ana,34 (8),9,17
5,3,2,"Losing My Religion, de Michael Stipe (R.E.M.)",Edu Soto,7,6,6,7,Ana,29 (5),8,13
6,3,2,"All Around the World, de Lisa Stansfield",Vicky Larraz,9,9,5,8,Ruth,34 (7),6,13
7,3,2,"Shake It Off, de Taylor Swift",Ana Morgade,6,8,9,6,Vicky,35 (9),4,13
8,3,2,"No One, de Sor Cristina",Silvia Abril,4,5,4,4,Edu,20 (4),7,11
9,3,2,"Se me olvidó otra vez, de María Jiménez",Ruth Lorenzo,8,4,8,5,Falete,31 (6),5,11
0,3,3,CL,LF,SD,ÀL,Bonus  (3 puntos),Total,,,,
1,3,3,"Part-Time Lover, de Stevie Wonder",Pablo Puyol,11,12,10,11,Vicky,44 (11),12,23
2,3,3,"Nothing Compares 2 U, de Sinéad O'Connor",Ruth Lorenzo,12,10,11,10,Vicky,43 (10),11,21
3,3,3,"Mi nuevo vicio, de Paulina Rubio",Adrián Rodríguez,4,8,12,7,Vicky,34 (9),10,19
4,3,3,"Thinking Out Loud, de Ed Sheeran",Vicky Larraz,10,11,7,12,Adrián,55 (12),5,17
5,3,3,"Y nos dieron las diez, de Joaquín Sabina",El Sevilla,7,5,8,6,Vicky,29 (6),9,15
6,3,3,"Disparé, de Mai Meneses (Nena Daconte)",Ana Morgade,9,9,4,9,Silvia,31 (8),7,15
7,3,3,"Don Diablo, de Miguel Bosé",Silvia Abril,6,7,5,8,Edu,29 (5),8,13
8,3,3,"Mammy blue, de José Mercé",Edu Soto,8,6,9,5,El Sevilla,31 (7),6,13
9,3,3,"Historias de amor, de Jordi Sánchez (OBK)",Falete,5,4,6,4,Vicky,19 (4),4,8
0,3,4,CL,LF,SD,ÀL,Bonus  (3 puntos),Total,,,,
1,3,4,"Proud Mary, de Tina Turner",Ruth Lorenzo,12,12,12,12,Adrián,51 (12),12,24
2,3,4,"Qué será, será (Whatever Will Be, Will Be), de Doris Day (El hombre que sabía demasiado)",Silvia Abril,11,4,9,10,Adrián,37 (9),11,20
3,3,4,"Heart of glass, de Deborah Harry (Blondie)",Ana Morgade,10,9,11,8,Edu,41 (11),9,20
4,3,4,"América, de Nino Bravo",Adrián Rodríguez,5,5,4,9,Ruth,35 (8),10,18
5,3,4,"Demasiado corazón, de Willy DeVille",Edu Soto,8,8,8,11,Adrián,38 (10),8,18
6,3,4,"La mordidita, de Ricky Martin",Pablo Puyol,9,10,10,5,Adrián,34 (7),5,12
7,3,4,"Remolino, de Pancho Céspedes",Falete,4,6,7,6,Ana,23 (4),7,11
8,3,4,"Baila morena, de Zucchero",El Sevilla,7,7,6,4,Silvia,27 (5),6,11
9,3,4,"Tómame o déjame, de Amaya Uranga (Mocedades)",Vicky Larraz,6,11,5,7,El Sevilla,29 (6),4,10
0,3,5,CL,LF,SD,ÀL,Bonus  (3 puntos),Total,,,,
1,3,5,"Angelitos negros, de Antonio Machín",Edu Soto,12,12,10,9,Sevilla,49 (12),12,24
2,3,5,"Loca, de Malena Gracia (Sorpresa, Sorpresa)",Ana Morgade,9,10,12,12,Falete,46 (11),10,21
3,3,5,"Highway to Hell, de Brian Johnson (AC/DC)",El Sevilla,5,9,8,11,Ana,36 (9),11,20
4,3,5,"Es mi hombre, de Sara Montiel",Falete,11,11,11,10,Ruth,46 (10),9,19
5,3,5,"Cheerleader, de OMI",Adrián Rodríguez,10,8,7,7,Edu,32 (8),7,15
6,3,5,"Toda la noche en la calle, de Eva Amaral (Amaral)",Ruth Lorenzo,7,7,6,6,Silvia,29 (6),8,14
7,3,5,"Don't Go Breakin' My Heart, de Elton John y RuPaul (Dos en uno)[18]​",Pablo Puyol,8,5,9,8,Silvia,30 (7),5,12
8,3,5,"Womanizer, de Britney Spears",Silvia Abril,4,4,4,4,Vicky,22 (4),6,10
9,3,5,"Voyage voyage, de Desireless",Vicky Larraz,6,6,5,5,Edu,25 (5),4,9
0,3,6,CL,LF,SD,ÀL,Bonus  (3 puntos),Total,,,,
1,3,6,"Abuelito dime tú, de Heidi",Silvia Abril,9,12,7,10,Vicky,53 (12),12,24
2,3,6,"Personal Jesus, de Marilyn Manson",Ruth Lorenzo,10,9,11,11,Silvia,41 (10),11,21
3,3,6,"Propuesta indecente, de Romeo Santos",Adrián Rodríguez,12,10,12,8,Vicky,45 (11),10,21
4,3,6,"El jardín prohibido, de Sandro Giacobbe",Pablo Puyol,11,8,9,12,Silvia,40 (9),9,18
5,3,6,"Black Is Black, de Mike Kennedy (Los Bravos)",Edu Soto,8,11,10,7,Silvia,36 (8),8,16
6,3,6,"La gozadera, de Gente de Zona y Marc Anthony",El Sevilla y Xuso Jones (Trae un amigo)[20]​,7,6,5,9,Silvia,27 (6),6,12
7,3,6,"If I Could Turn Back Time, de Cher",Vicky Larraz,4,4,8,6,Adrián,31 (7),5,12
8,3,6,"Saturday Night , de Whigfield",Ana Morgade,5,5,6,4,Silvia,20 (4),7,11
9,3,6,"Lobo hombre en París, de Rafa Sánchez (La Unión)",Falete,6,7,4,5,Vicky,22 (5),4,9
0,3,7,CL,MM,SD,ÀL,Bonus  (3 puntos),Total,,,,
1,3,7,"Uptown Funk, de Mark Ronson y Bruno Mars",Pablo Puyol,8,12,10,12,Ruth,48 (12),12,24
2,3,7,"All by Myself, de Céline Dion",Ruth Lorenzo,11,11,12,10,Pablo,47 (11),11,22
3,3,7,"Cero, de Dani Martín",Adrián Rodríguez,12,7,8,8,El Sevilla,41 (8),10,18
4,3,7,"Sway, de Michael Bublé",Edu Soto,9,10,11,11,Adrián,44 (10),8,18
5,3,7,"Hawaii-Bombay, de Ana Torroja (Mecano)",Silvia Abril,7,6,7,5,El Sevilla,25 (7),9,16
6,3,7,"Comando G, de Tino Fernández ""Ficha Roja"" (Parchís)",El Sevilla,10,9,9,9,Pablo,43 (9),5,14
7,3,7,"Salta, de Alejo Stivel (Tequila)",Ana Morgade,4,8,5,7,Falete,24 (6),7,13
8,3,7,"El mismo sol, de Jennifer Lopez y Álvaro Soler",Vicky Larraz y Álvaro Soler (Original y Copia)[21]​,6,5,4,6,Edu,21 (4),6,10
9,3,7,"I Am What I Am, de Gloria Gaynor",Falete,5,4,6,4,Adrián,22 (5),4,9
0,3,8,CL,LF,SD,ÀL,Bonus  (3 puntos),Total,,,,
1,3,8,"Noche de bodas, de Chavela Vargas",El Sevilla,12,12,12,12,Adrián,69 (12),12,24
2,3,8,"Back to black, de Amy Winehouse",Ruth Lorenzo,9,10,10,10,El Sevilla,39 (10),11,21
3,3,8,"Smooth criminal , de Michael Jackson",Edu Soto,10,11,11,11,El Sevilla,46 (11),10,21
4,3,8,"Livin' on a Prayer, de Jon Bon Jovi (Bon Jovi)",Pablo Puyol,11,8,9,9,El Sevilla,37 (9),9,18
5,3,8,"Supernatural, de Marta Sánchez (Olé Olé)",Ana Morgade,7,7,5,8,El Sevilla,27 (7),8,15
6,3,8,"You Can't Hurry Love, de Diana Ross & The Supremes",Vicky Larraz,8,9,8,5,El Sevilla,30 (8),7,15
7,3,8,"Humanos a Marte, de Chayanne",Adrián Rodríguez,6,6,6,6,Edu,27 (6),6,12
8,3,8,"El baúl de los recuerdos, de Karina",Silvia Abril,4,4,4,4,El Sevilla,16 (4),5,9
9,3,8,"La vie en rose, de Édith Piaf",Falete,5,5,7,7,El Sevilla,24 (5),4,9
0,3,9,CL,MM,SD,ÀL,Bonus  (3 puntos),Total,,,,
1,3,9,"Why don't you do right?, de Jessica Rabbit (¿Quién engañó a Roger Rabbit?)",Ruth Lorenzo,11,9,10,11,Pablo,41 (11),11,22
2,3,9,"Tonight (I'm Lovin' You), de Enrique Iglesias",Adrián Rodríguez,12,12,12,12,Silvia,54 (12),10,22
3,3,9,"Caruso, de Andrea Bocelli",Pablo Puyol,9,7,8,9,Silvia,36 (8),12,20
4,3,9,"Hard Rock Hallelujah, de Tomi Putaansuu (Mr Lordi) (Lordi)",El Sevilla,10,11,9,8,Adrián,38 (9),9,18
5,3,9,"La vida es un carnaval, de Celia Cruz",Silvia Abril,4,4,11,6,Adrián,40 (10),8,18
6,3,9,"Francisco Alegre, de Isabel Pantoja",Falete,8,10,7,10,Edu,35 (7),6,13
7,3,9,"Vente pa' Madrid, de Antonio Carmona (Ketama)",Edu Soto,7,6,4,5,Silvia,25 (5),7,12
8,3,9,"Ven, devórame otra vez, de Azúcar Moreno",Ana Morgade y Anna Simon (Trae un amigo),6,8,6,7,Silvia,27 (6),5,11
9,3,9,"Gold, de Tony Hadley (Spandau Ballet)",Vicky Larraz,5,5,5,4,Silvia,19 (4),4,8
0,3,10,CL,LF,SD,ÀL,Bonus  (3 puntos),Total,,,,
1,3,10,"Yo soy aquel, de Raphael",Edu Soto,11,9,11,8,Falete,39 (10),12,22
2,3,10,"Solamente tú, de Pablo Alborán",Adrián Rodríguez,12,11,10,12,Ana,51 (11),11,22
3,3,10,"Anaconda, de Nicki Minaj",Ana Morgade,10,12,12,11,Adrián,63 (12),10,22
4,3,10,"La mañana, de Al Bano",Falete,8,8,9,9,Ana,37 (9),8,17
5,3,10,"Want to Want Me, de Jason Derulo",Pablo Puyol,7,7,7,7,Ana,28 (7),9,16
6,3,10,"Un ramito de violetas, de Cecilia",Vicky Larraz,9,10,6,10,Ana,35 (8),7,15
7,3,10,"Tutti frutti, de Little Richard",El Sevilla,4,5,4,5,Ana,18 (4),6,10
8,3,10,"El beso, de Paquita Rico",Silvia Abril,5,4,5,6,Ana,20 (5),5,10
9,3,10,"Conga, de Gloria Estefan (Miami Sound Machine)",Ruth Lorenzo,6,6,8,4,Adrián,24 (6),4,10
0,3,11,CL,LF,SD,ÀL,Bonus  (3 puntos),Total,,,,
1,3,11,"Bang Bang (My Baby Shot Me Down), de Nancy Sinatra",Ana Morgade,10,10,6,10,Vicky,39 (10),10,20
2,3,11,"Light my fire, de Jim Morrison (The Doors)",Edu Soto,11,11,7,11,Pablo,43 (11),9,20
3,3,11,"Soy lo prohibido, de Olga Guillot",Falete,12,12,11,12,Vicky,50 (12),8,20
4,3,11,"Rise Like a Phoenix, de Conchita Wurst",Ruth Lorenzo,8,8,9,9,Ana,34 (7),12,19
5,3,11,"Basket Case, de Billie Joe Armstrong (Green Day)",Adrián Rodríguez,9,9,8,6,Sevilla,35 (8),11,19
6,3,11,"Pastillas para dormir, de David Muñoz (Estopa) (Training VIP)",El Sevilla,7,6,10,5,Falete,31 (6),7,13
7,3,11,"Lips Are Movin, de Meghan Trainor",Vicky Larraz,6,7,12,8,Adrián,39 (9),4,13
8,3,11,"Eres, de Massiel",Silvia Abril,5,5,5,7,Pablo,22 (5),6,11
9,3,11,"Insurrección, de Manolo García (El Último de la Fila)",Pablo Puyol,4,4,4,4,Edu,22 (4),5,9
0,3,12,CL,LF,SD,ÀL,Bonus  (3 puntos),Total,,,,
1,3,12,"Suspicious Minds, de Elvis Presley",Adrián Rodríguez,11,12,8,10,Vicky,50 (11),11,22
2,3,12,"La fiesta terminó, de Paloma San Basilio (Training VIP)",Vicky Larraz,12,10,10,12,Adrián,62 (12),9,21
3,3,12,"All of Me, de John Legend",Pablo Puyol,8,8,11,7,Vicky,34 (8),12,20
4,3,12,"Shake It Out, de Florence Welch (Florence & The Machine)",Ruth Lorenzo,10,11,9,11,Vicky,41 (10),10,20
5,3,12,"Tomasa, de Lolita Flores",Falete,7,9,12,6,Vicky,34 (9),8,17
6,3,12,"Nel blu dipinto di blu (Volare), de Domenico Modugno",Edu Soto,9,7,7,8,Adrián,31 (7),7,14
7,3,12,"Voy en un coche, de Christina Rosenvinge (Christina y Los Subterráneos)",Ana Morgade,4,4,5,9,Adrián,22 (6),6,12
8,3,12,"Pa' mi guerrera, de Huecco",El Sevilla,6,5,4,5,Vicky,20 (4),5,9
9,3,12,"It's Raining Men, de Geri Halliwell",Silvia Abril,5,6,6,4,Vicky,21 (5),4,9
0,3,13,CL,LF,SD,ÀL,Bonus  (3 puntos),Total,,,,
1,3,13,"Heroes, de Måns Zelmerlöw",Pablo Puyol,11,12,11,11,Ana,51 (11),12,23
2,3,13,"The Lady Is a Tramp, de Lady Gaga y Tony Bennet",Silvia Abril y Andreu Buenafuente (Trae un amigo),12,11,12,12,Sevilla,53 (12),11,23
3,3,13,"Los piconeros, de Penélope Cruz (La niña de tus ojos)",Ana Morgade,8,7,10,6,Silvia,40 (10),10,20
4,3,13,"All I Want for Christmas Is You, de Mariah Carey",Ruth Lorenzo,10,10,4,5,Ana,32 (9),8,17
5,3,13,"Clocks, de Chris Martin (Coldplay)",Edu Soto,9,5,7,10,Silvia,31 (7),9,16
6,3,13,"Me muero, de Natalia Jiménez (La 5ª Estación)",Falete,4,9,9,9,Ana,31 (8),6,14
7,3,13,"Otro día más sin verte, de Jon Secada",Adrián Rodríguez,7,8,8,7,Pablo,30 (6),7,13
8,3,13,"La gallina Cocoguagua, de Ana Anguita (Enrique y Ana) (Sorpresa, Sorpresa)",El Sevilla,5,6,6,4,Pablo,24 (5),5,10
9,3,13,"Physical,de Olivia Newton-John",Vicky Larraz,6,4,5,8,Ruth,23 (4),4,8
0,3,14,CL,LF,SD,ÀL,Total,,,,,
1,3,14,"Glitter in the Air, de P!nk",Ruth Lorenzo,11,11,12,12,46 (11),11,22,
2,3,14,"Por debajo de la mesa, de Luis Miguel",Pablo Puyol,8,8,10,9,35 (9),10,19,
3,3,14,"Just a Girl, de Gwen Stefani (No Doubt)",Ana Morgade,10,9,8,10,37 (10),8,18,
4,3,14,"Torbellino de colores, de Lola Flores",Falete,12,12,11,11,46 (12),6,18,
5,3,14,"Start Me Up, de Mick Jagger (The Rolling Stones)",Edu Soto,9,5,5,4,23 (5),12,17,
6,3,14,"Mamá, quiero ser artista, de Concha Velasco",Silvia Abril,6,10,7,8,31 (8),9,17,
7,3,14,"Can't Feel My Face, de The Weeknd",Adrián Rodríguez,7,6,6,5,24 (6),7,13,
8,3,14,"Feo, fuerte y formal, de Loquillo (Loquillo y Trogloditas)",El Sevilla,5,7,9,6,27 (7),5,12,
9,3,14,"It Must Have Been Love, de Marie Fredriksson (Roxette)",Vicky Larraz,4,4,4,7,19 (4),4,8,
0,3,15,CL,LF,SD,ÀL,Total,,,,,
1,3,15,"Unchained Melody, de Bobby Hatfield (The Righteous Brothers)",Edu Soto,10,12,12,10,44 (12),12,24,
2,3,15,"Don't Cry, de Axl Rose (Guns N' Roses)",Pablo Puyol,12,11,11,8,42 (10),11,21,
3,3,15,"Downtown, de Petula Clark",Ana Morgade,8,8,8,9,33 (9),10,19,
4,3,15,"'O sole mio, de Luciano Pavarotti",Falete,11,10,10,11,42 (11),8,19,
5,3,15,"Dramas y comedias, de Alaska (Fangoria)",Silvia Abril,7,6,7,12,32 (7),9,16,
6,3,15,"La nueva y la ex, de Daddy Yankee",Adrián Rodríguez,9,9,9,6,33 (8),7,15,
7,3,15,"Corazón de neón, de Javier Gurruchaga (Orquesta Mondragón)",El Sevilla,6,7,6,7,26 (6),6,12,
8,3,15,"Hello, de Adele",Vicky Larraz,5,5,5,5,20 (5),5,10,
0,4,0,CL,LF,C,ÀL,Total,,,,,
1,4,0,"I'll Be There y Who's Lovin' You, de Michael Jackson (The Jackson 5)",Beatriz Luengo,10,11,12,12,45 (12),12,24,
2,4,0,"Next to Me, de Emeli Sandé",Rosa López,7,9,11,7,34 (8),11,19,
3,4,0,"Como yo te amo, de Raphael",Blas Cantó,8,7,10,10,35 (9),10,19,
4,4,0,"Tengo miedo, de Marifé de Triana",Lorena Gómez,11,10,9,11,41 (10),9,19,
5,4,0,"Unchain My Heart, de Joe Cocker",Juan Muñoz,12,12,8,9,41 (11),8,19,
6,4,0,"Limón y sal, de Julieta Venegas",Esther Arroyo,9,8,7,8,32 (7),7,14,
7,4,0,"Mediterráneo, de Carlos Segarra (Los Rebeldes)",Canco Rodríguez,6,6,6,6,24 (6),6,12,
8,4,0,"Picky, de Joey Montana",David Guapo,4,4,4,5,17 (4),5,9,
9,4,0,"El ritmo de la noche, de María Chica Sánchez (Mystic)",Yolanda Ramos,5,5,5,4,19 (5),4,9,
0,4,1,CL,LF,C,ÀL,Total,,,,,
1,4,1,"Sax, de Fleur East",Lorena Gómez,12,12,12,11,47 (12),12,24,
2,4,1,"Venecia sin ti, de Dyango (Training VIP)",Juan Muñoz,11,11,11,12,45 (11),11,22,
3,4,1,"Greased Lightning , de John Travolta (Grease)",Blas Cantó,10,10,10,10,40 (10),10,20,
4,4,1,"La vie en rose, de Grace Jones",Esther Arroyo,8,8,8,8,32 (8),9,17,
5,4,1,"I'm a Slave 4 U, de Britney Spears",Beatriz Luengo,9,9,9,9,36 (9),8,17,
6,4,1,"Corazón contento, de Marisol",Rosa López,6,7,7,7,27 (7),7,14,
7,4,1,"Soy lo que me das, de Chenoa",Canco Rodríguez,7,6,6,6,25 (6),6,12,
8,4,1,"Hymn for the Weekend, de Chris Martin (Coldplay)",David Guapo,4,5,4,4,17 (4),5,9,
9,4,1,"Un pueblo es, María Ostiz",Yolanda Ramos,5,4,5,5,19 (5),4,9,
0,4,2,CL,LF,C,ÀL,Total,,,,,
1,4,2,"Can't Stop the Feeling!, de Justin Timberlake",Blas Cantó,12,12,11,11,46 (12),12,24,
2,4,2,"La casa por el tejado, de Fito Cabrales (Fito y los Fitipaldis)",Juan Muñoz,10,10,8,9,37 (10),11,21,
3,4,2,"No, de Meghan Trainor",Rosa López,11,11,10,12,44 (11),9,20,
4,4,2,"Always , de Jon Bon Jovi (Bon Jovi)",Lorena Gómez,9,7,7,8,31 (9),8,17,
5,4,2,"Diles, de Malú",Beatriz Luengo,7,8,9,6,30 (6),10,16,
6,4,2,"Pippi Calzaslargas, de Pippi Calzaslargas",Yolanda Ramos,4,4,12,10,30 (8),7,15,
7,4,2,"Don't get me wrong, de Chrissie Hynde (The Pretenders)",Esther Arroyo,8,9,6,7,30 (7),6,13,
8,4,2,"Juanita Banana, de Luis Aguilé",Canco Rodríguez,5,6,5,5,21 (5),5,10,
9,4,2,"Cómo te atreves, de Juan Pablo Isaza (Morat) (Original y copia)",David Guapo,6,5,4,4,19 (4),4,8,
0,4,3,CL,LF,C,ÀL,Total,,,,,
1,4,3,"Sola, de Diana Navarro (Training VIP)",Blas Cantó,12,12,12,12,48 (12),12,24,
2,4,3,"GoldenEye, de Tina Turner",Rosa López,6,11,10,6,33 (10),10,20,
3,4,3,"Just a Gigolo y I Ain't Got Nobody, de Louis Prima",Juan Muñoz,11,10,11,8,40 (11),9,20,
4,4,3,"If I Ain't Got You , de Alicia Keys",Beatriz Luengo,8,7,9,7,31 (8),11,19,
5,4,3,"La salchipapa, de Leticia Sabater",Yolanda Ramos,10,6,7,10,33 (9),7,16,
6,4,3,"La chica de ayer, de Antonio Vega (Nacha Pop)",Canco Rodríguez,5,9,5,11,30 (7),8,15,
7,4,3,"Ven sin temor, de Bruno Lomas",David Guapo,7,8,6,9,30 (6),6,12,
8,4,3,"Domino , de Jessie J",Lorena Gómez,9,5,8,5,27 (5),5,10,
9,4,3,"Perfect, de Eddi Reader (Fairground Attraction)",Esther Arroyo,4,4,4,4,16 (4),4,8,
0,4,4,CL,LF,C,ÀL,Total,,,,,
1,4,4,"90 minutos, de India Martínez (Training VIP)",Lorena Gómez,12,12,12,12,48 (12),12,24,
2,4,4,"Stay With Me, de Sam Smith",Blas Cantó,9,10,10,6,35 (10),10,20,
3,4,4,"All That Jazz, de Catherine Zeta-Jones (Chicago)",Beatriz Luengo,11,11,11,9,42 (11),9,20,
4,4,4,"Frozen, de Madonna",Rosa López,5,5,7,8,25 (6),11,17,
5,4,4,"Pon una cinta en el viejo roble, de Helena Bianco (Los Mismos)",Esther Arroyo,8,8,9,10,35 (9),8,17,
6,4,4,"Adiós, papá, de Coque Malla (Los Ronaldos)",David Guapo,10,9,8,7,34 (8),7,15,
7,4,4,"Hola, mi amor, de Junco",Yolanda Ramos,7,6,5,11,29 (7),4,11,
8,4,4,"It's A Heartache, de Bonnie Tyler",Juan Muñoz,6,4,4,4,18 (4),6,10,
9,4,4,"Come As You Are, de Kurt Cobain (Nirvana)",Canco Rodríguez,4,7,6,5,22 (5),5,10,
0,4,5,CL,LF,C,ÀL,Total,,,,,
1,4,5,"Friday I'm in Love, de Robert Smith (The Cure)",Canco Rodríguez,12,12,12,12,48 (12),10,22,
2,4,5,"Livin' la vida loca, de Ricky Martin",Blas Cantó,9,10,10,9,38 (10),12,22,
3,4,5,"Marinero de luces, de Isabel Pantoja",Beatriz Luengo,8,9,9,11,37 (9),11,20,
4,4,5,"Amor a la mexicana, de Thalía",Rosa López,11,11,11,10,43 (11),9,20,
5,4,5,"La bicicleta, de Shakira y Carlos Vives (Trae un amigo) con Xuso Jones",Lorena Gómez,10,8,7,6,31 (8),8,16,
6,4,5,"Angie, de Mick Jagger (The Rolling Stones)",Esther Arroyo,6,6,6,8,26 (7),7,14,
7,4,5,"Big Spender, de Norma Duval",Yolanda Ramos,5,7,8,5,25 (6),6,12,
8,4,5,"Walk of Life, de Mark Knopfler (Dire Straits)",David Guapo,7,5,5,7,24 (5),5,10,
9,4,5,"El muerto vivo, de Peret",Juan Muñoz,4,4,4,4,16 (4),4,8,
0,4,6,CL,LF,C,ÀL,Total,,,,,
1,4,6,"Crazy, de Patsy Cline",Esther Arroyo,9,11,10,11,41 (11),12,23,
2,4,6,"Qué voy a hacer con mi amor, de Alejandro Fernández",Blas Cantó,11,9,11,10,41 (10),11,21,
3,4,6,"Cheap Thrills, de Sia",Beatriz Luengo,12,12,12,12,48 (12),9,21,
4,4,6,"El progreso, de Roberto Carlos",Juan Muñoz,10,10,9,9,38 (9),10,19,
5,4,6,"When We Were Young, de Adele",Lorena Gómez,7,7,7,6,27 (6),8,14,
6,4,6,"Trololo, de  Eduard Khill",Canco Rodríguez,8,8,5,7,28 (7),7,14,
7,4,6,"Maman, maman, de Jean Jacques",Yolanda Ramos,6,6,8,8,28 (8),5,13,
8,4,6,"Dancing Queen, de Anni-Frid Lyngstad (ABBA) (Trae un amigo) con Verónica Romero",Rosa López,5,4,6,4,19 (5),6,11,
9,4,6,"Duro de pelar, de Rebeca",David Guapo,4,5,4,5,18 (4),4,8,
0,4,7,CL,LF,C,ÀL,Total,,,,,
1,4,7,"Believe, de Cher",Blas Cantó,12,11,10,12,45 (12),12,24,
2,4,7,"Bad Girls, de Donna Summer",Rosa López,8,8,8,8,32 (8),11,19,
3,4,7,"Fue un placer conocerte, de Rocío Dúrcal",Lorena Gómez,11,10,11,11,43 (10),9,19,
4,4,7,"Memory, de Barbra Streisand",Beatriz Luengo,9,7,7,6,29 (7),10,17,
5,4,7,"Poupée de cire, poupée de son, de France Gall",Esther Arroyo,7,9,9,9,34 (9),7,16,
6,4,7,"Pa Madrid, de El Barrio",Juan Muñoz,10,12,12,10,44 (11),4,15,
7,4,7,"Duele el corazón, de Enrique Iglesias",David Guapo,5,5,6,5,21 (5),8,13,
8,4,7,"Madre Tierra, de Chayanne",Canco Rodríguez,6,6,5,7,24 (6),5,11,
9,4,7,"Piece of my heart, de Janis Joplin",Yolanda Ramos,4,4,4,4,16 (4),6,10,
0,4,8,CL,LF,C,ÀL,Total,,,,,
1,4,8,"Devuélveme la vida, de Antonio Orozco",Canco Rodríguez,12,10,10,12,44 (12),12,24,
2,4,8,"Feeling Good, de Michael Bublé",Blas Cantó,10,11,9,11,41 (11),11,22,
3,4,8,"New York, New York, de Liza Minnelli y Frank Sinatra (Trae un amigo) con Pablo Puyol",Beatriz Luengo,9,12,8,10,39 (9),10,19,
4,4,8,"Me duele la cara de ser tan guapo, de Alfonso Aguado (Los Inhumanos)",David Guapo,11,8,12,8,39 (10),8,18,
5,4,8,"Te quiero, te quiero, de Carmen Sevilla",Rosa López,7,9,11,9,36 (8),9,17,
6,4,8,"Stronger (What Doesn't Kill You), de Kelly Clarkson",Lorena Gómez,8,7,7,7,29 (7),6,13,
7,4,8,"Smooth Operator, de Sade Adu (Sade)",Esther Arroyo,6,5,5,6,22 (5),7,12,
8,4,8,"In the summertime, de Ray Dorset (Mungo Jerry)",Juan Muñoz,5,6,6,5,22 (6),5,11,
9,4,8,"Fever, de Peggy Lee",Yolanda Ramos,4,4,4,4,16 (4),4,8,
0,4,9,CL,LF,C,ÀL,Total,,,,,
1,4,9,"S.O.S, de Falete (Training VIP)",Blas Cantó,12,12,12,12,48 (12),12,24,
2,4,9,"Cuando nadie me ve, de Niña Pastori",Lorena Gómez,10,11,10,11,42 (10),11,21,
3,4,9,"Focus, de Ariana Grande",Beatriz Luengo,11,10,11,10,42 (11),10,21,
4,4,9,"Stars, de Mick Hucknall (Simply Red)",Rosa López,8,6,9,7,30 (8),9,17,
5,4,9,"Singin' in the Rain, de Gene Kelly (Cantando bajo la lluvia)",Canco Rodríguez,9,9,7,9,34 (9),8,17,
6,4,9,"A puro dolor, de Ángel López (Son by Four)",David Guapo,5,5,6,8,24 (6),7,13,
7,4,9,"Échale guindas al pavo, de Rosa Morena",Esther Arroyo,7,8,8,6,29 (7),5,12,
8,4,9,"Soy un gnomo, de David el gnomo",Yolanda Ramos,4,4,4,4,16 (4),6,10,
9,4,9,"Tren de largo recorrido, de Rafa Sánchez (La Unión)",Juan Muñoz,6,7,5,5,23 (5),4,9,
0,4,10,CL,LF,C,ÀL,Total,,,,,
1,4,10,"Sin saber por qué, de Vanesa Martín (Training VIP)",Rosa López,11,10,12,11,44 (12),12,24,
2,4,10,"La Bohème, de Charles Aznavour",Blas Cantó,9,11,11,12,43 (11),11,22,
3,4,10,"Un-Break My Heart, de Toni Braxton",Beatriz Luengo,8,12,10,8,38 (10),10,20,
4,4,10,"Bette Davis Eyes, de Kim Carnes",Esther Arroyo,6,7,8,6,27 (6),9,15,
5,4,10,"Lucía, de David Bisbal",Lorena Gómez,7,9,9,7,32 (7),8,15,
6,4,10,"Cuando zarpa el amor, de Dionisio Martín (Camela) (Trae un amigo) con Carlos Marco",Yolanda Ramos,12,6,6,9,33 (8),7,15,
7,4,10,"I'm Yours, de Jason Mraz",David Guapo,10,8,7,10,35 (9),5,14,
8,4,10,"Banana Boat Song, de Harry Belafonte",Juan Muñoz,5,5,5,5,20 (5),6,11,
9,4,10,"Me enamora, de Juanes",Canco Rodríguez,4,4,4,4,16 (4),4,8,
0,4,11,CL,LF,C,ÀL,Total,,,,,
1,4,11,"Get Lucky, de Pharrell Williams y Daft Punk",Canco Rodríguez,6,10,10,10,36 (10),12,22,
2,4,11,"No me importa nada, de Luz Casal",Rosa López,12,12,12,11,47 (12),10,22,
3,4,11,"Purple Rain, de Prince y Beyoncé (Trae un amigo) con Roko",Blas Cantó,11,8,11,6,36 (9),11,20,
4,4,11,"One Moment in Time, de Whitney Houston",Lorena Gómez,8,11,9,12,40 (11),9,20,
5,4,11,Contigo en la distancia de Christina Aguilera,Beatriz Luengo,7,7,8,9,31 (7),8,15,
6,4,11,"Arriba los corazones, de Antonio Flores",Juan Muñoz,10,9,6,7,32 (8),6,14,
7,4,11,"Do You Really Want to Hurt Me, de Boy George (Culture Club)",Esther Arroyo,9,6,7,8,30 (6),7,13,
8,4,11,"¿Quién maneja mi barca?, de Remedios Amaya",Yolanda Ramos,4,4,4,5,17 (4),5,9,
9,4,11,"Sofía, de Álvaro Soler",David Guapo,5,5,5,4,19 (5),4,9,
0,4,12,CL,LF,C,ÀL,Total,,,,,
1,4,12,"Work, de Rihanna y Drake (Trae un amigo) con Yotuel",Beatriz Luengo,11,11,11,9,42 (11),11,22,
2,4,12,"Una vez más, de David Otero (Original y copia) con David Otero",David Guapo,12,12,12,12,48 (12),9,21,
3,4,12,"La mala costumbre, de Pastora Soler",Lorena Gómez,10,9,10,11,40 (10),10,20,
4,4,12,Ave María de Andrea Bocelli,Blas Cantó,7,6,7,5,25 (5),12,17,
5,4,12,"Moving, de Macaco",Canco Rodríguez,6,7,8,7,28 (8),8,16,
6,4,12,"Killing Me Softly with His Song, de Lauryn Hill (The Fugees)",Esther Arroyo,8,5,6,8,27 (7),7,14,
7,4,12,"Pump Up the Jam, de Ya Kid K (Technotronic)",Rosa López,9,8,9,10,36 (9),5,14,
8,4,12,"Ça plane pour moi, de Plastic Bertrand",Yolanda Ramos,4,10,5,6,25 (6),6,12,
9,4,12,"Por una cabeza, de Carlos Gardel",Juan Muñoz,5,4,4,4,17 (4),4,8,
0,4,13,CL,LF,C,ÀL,Total,,,,,
1,4,13,Somebody to Love de Freddie Mercury (Queen),Blas Cantó,11,11,12,12,46 (11),12,23,
2,4,13,"Hit the Road, Jack, de Ray Charles y The Raelettes (Trae un amigo) con Sweet California",Canco Rodríguez,8,10,10,9,37 (10),10,20,
3,4,13,"Come, de Jain",Rosa López,7,8,8,10,33 (8),11,19,
4,4,13,"Ocupen su localidad y Hoy puede ser un gran día, de Serrat y Sabina (Dos en uno)",Juan Muñoz,12,12,11,11,46 (12),7,19,
5,4,13,"If You Had My Love y Get Right, de Jennifer López",Lorena Gómez,10,9,7,8,34 (9),8,17,
6,4,13,"Volver, de Estrella Morente",Beatriz Luengo,5,5,9,7,26 (7),9,16,
7,4,13,"Two little girls from Little Rock, de Jane Russell y Marilyn Monroe (Los caballeros las prefieren rubias) (Trae un amigo) con Silvia Abril",Esther Arroyo,6,7,6,6,25 (5),6,11,
8,4,13,"Sweet Home Alabama, de Lynyrd Skynyrd",David Guapo,9,6,5,5,25 (6),5,11,
9,4,13,"Suspiros de España, de Estrellita Castro",Yolanda Ramos,4,4,4,4,16 (4),4,8,
0,4,14,CL,LF,C,SA,Total,,,,,
1,4,14,"80 veces, de Rozalén (Training Vip)",Esther Arroyo,11,12,12,12,47 (12),10,22,
2,4,14,"No dejes de soñar, de Manuel Carrasco",Canco Rodríguez,7,7,7,11,32 (8),12,20,
3,4,14,"Hallelujah, de Jennifer Hudson",Beatriz Luengo,9,9,9,10,37 (9),11,20,
4,4,14,"Libre, de Nino Bravo",Blas Cantó,10,10,10,9,39 (10),9,19,
5,4,14,"Can't Take My Eyes Off You, de Gloria Gaynor",Lorena Gómez,12,11,11,7,41 (11),8,19,
6,4,14,"Blank Space, de Taylor Swift",Rosa López,6,8,8,8,30 (7),7,14,
7,4,14,"La yenka, de Enrique y Ana (Dos en uno)",Yolanda Ramos,4,4,6,6,20 (5),6,11,
8,4,14,"Cuéntame un cuento, de Jesús Cifuentes (Celtas Cortos)",David Guapo,8,6,4,4,22 (6),4,10,
9,4,14,"El mundo, de Jimmy Fontana",Juan Muñoz,5,5,5,5,20 (4),5,9,
0,4,15,CL,LF,C,ÀL,Total,,,,,
1,4,15,"Left Outside Alone, de Anastacia",Blas Cantó,12,12,12,12,48 (12),12,24,
2,4,15,Million Reasons de Lady Gaga,Beatriz Luengo,11,11,10,11,43 (11),10,21,
3,4,15,"El Pichi, de Sara Montiel",Rosa López,7,6,9,10,32 (9),11,20,
4,4,15,"The Show Must Go On, de Céline Dion",Lorena Gómez,10,10,11,8,39 (10),9,19,
5,4,15,"Cien gaviotas, de Mikel Erentxun (Duncan Dhu)",David Guapo,9,5,5,9,28 (8),6,14,
6,4,15,"Kung Fu Fighting, de Carl Douglas",Yolanda Ramos,4,4,4,4,16 (4),8,12,
7,4,15,"Cuando los ángeles lloran, de Fernando Olvera (Maná) y Miguel Ríos (Trae un amigo) con Adrián Lastra",Canco Rodríguez,5,8,7,7,27 (5),7,12,
8,4,15,"El hombre del piano, de Ana Belén",Esther Arroyo,8,7,8,5,28 (7),5,12,
9,4,15,I'm a Believer de Steven Harwell (Smash Mouth),Juan Muñoz,6,9,6,6,27 (6),4,10,
0,4,16,CL,LF,C,ÀL,Total,,,,,
1,4,16,"My Way, de Shirley Bassey",Lorena Gómez,12,12,12,11,47 (12),11,23,
2,4,16,Run the World (Girls) de Beyoncé,Beatriz Luengo,8,10,10,8,36 (10),10,20,
3,4,16,"Infinito, de Enrique Bunbury",Canco Rodríguez,11,11,8,10,40 (11),9,20,
4,4,16,"Oye, de Gloria Estefan",Rosa López,6,7,9,6,28 (6),12,18,
5,4,16,"Dora la exploradora, de Dora la Exploradora",Yolanda Ramos,5,6,11,12,34 (9),8,17,
6,4,16,"Smile, de Judy Garland",Esther Arroyo,9,9,7,9,34 (8),7,15,
7,4,16,"Folsom Prison Blues, de Johnny Cash",David Guapo,10,8,6,7,31 (7),6,13,
8,4,16,Woman de John Lennon,Juan Muñoz,7,5,5,5,22 (5),5,10,
0,5,0,CL,LF,C,ÀL,Total,,,,,
1,5,0,"Lo haré por ti, de Paulina Rubio",Pepa Aniorte,12,10,8,11,41 (12),11,23,
2,5,0,"Angels, de Robbie Williams",Miquel Fernández,7,9,10,10,36 (8),12,20,
3,5,0,"Sevilla, de Miguel Bosé",Fran Dieli,11,11,12,6,40 (11),9,20,
4,5,0,"When Love Takes Over, de Kelly Rowland",Diana Navarro,8,12,9,9,38 (9),10,19,
5,5,0,"Malibu, de Miley Cyrus",Lucía Gil,9,8,11,12,40 (10),8,18,
6,5,0,"Mi gente, de J Balvin",David Amor,4,5,4,7,20 (5),7,12,
7,5,0,"That Don't Impress Me Much, de Shania Twain",Lucía Jiménez,6,6,7,5,24 (6),6,12,
8,5,0,"El brujito de Gulubú, de Rosa León",Raúl Pérez,10,7,6,8,31 (7),5,12,
9,5,0,"Pepa Bandera, de Encarnita Polo",La Terremoto de Alcorcón,5,4,5,4,18 (4),4,8,
0,5,1,CL,LF,C,ÀL,Total,,,,,
1,5,1,"Kiss, de Prince",Fran Dieli,12,12,12,7,43 (11),12,23,
2,5,1,"Parole parole, de Mina y Alberto Lupo (Trae un amigo) con Luis Larrodera",Diana Navarro,11,11,11,11,44 (12),11,23,
3,5,1,"Cómo hablar, de Eva Amaral (Amaral)",Lucía Jiménez,9,10,8,10,37 (9),10,19,
4,5,1,"Attention, de Charlie Puth",Miquel Fernández,10,9,10,12,41 (10),8,18,
5,5,1,"Our House, de Suggs (Madness)",Raúl Pérez,8,7,7,9,31 (8),9,17,
6,5,1,"Tengo 17 años, de Rocío Dúrcal",Lucía Gil,7,6,5,5,23 (6),7,13,
7,5,1,"Killing Me Softly with His Song, de Roberta Flack",Pepa Aniorte,5,8,9,8,30 (7),5,12,
8,5,1,"Xanadu, de Olivia Newton-John (Xanadu)",La Terremoto de Alcorcón,6,5,6,6,23 (5),6,11,
9,5,1,"Desde que estamos juntos, de Melendi",David Amor,4,4,4,4,16 (4),4,8,
0,5,2,SS,LF,C,ÀL,Total,,,,,
1,5,2,"Think, de Aretha Franklin",Diana Navarro,12,12,12,11,47 (12),12,24,
2,5,2,"Tell Him, de Céline Dion y Barbra Streisand (Dos en uno)",Miquel Fernández,8,11,11,12,42 (11),11,22,
3,5,2,"La chica del 17, de Lina Morgan",La Terremoto de Alcorcón,11,7,7,9,34 (9),7,16,
4,5,2,"Maggie, despierta, de Carlos Tarque (M-Clan)",Raúl Pérez,9,9,9,8,35 (10),6,16,
5,5,2,"Take me to Church, de Hozier",Fran Dieli,5,8,8,5,26 (5),10,15,
6,5,2,"Mayores, de Becky G",Lucía Gil,6,5,5,10,26 (6),9,15,
7,5,2,"Ella, de Bebe",Pepa Aniorte,10,6,6,6,28 (7),8,15,
8,5,2,"Chained to the Rhythm, de Katy Perry",Lucía Jiménez,7,10,10,7,34 (8),5,13,
9,5,2,"Baby Don't Forget my Number y Girl You Know It's True, de Milli Vanilli con David Fernández",David Amor,4,4,4,4,16 (4),4,8,
0,5,3,CL,LF,C,ÀL,Total,,,,,
1,5,3,"Amar pelos dois, de Salvador Sobral",Miquel Fernández,12,12,12,12,48 (12),12,24,
2,5,3,"Candyman, de Christina Aguilera",Lucía Gil,11,11,11,11,44 (11),11,22,
3,5,3,"Time After Time, de Cyndi Lauper",Lucía Jiménez,10,10,10,9,39 (10),10,20,
4,5,3,"Cómo hemos cambiado, de Sole Giménez (Presuntos Implicados) (Training Vip)",Pepa Aniorte,9,9,7,5,30 (7),9,16,
5,5,3,"El 7 de septiembre, de Ana Torroja (Mecano)",Diana Navarro,8,8,9,6,31 (8),8,16,
6,5,3,"Crazy, de Cee Lo Green (Gnarls Barkley)",Fran Dieli,7,6,8,10,31 (9),7,16,
7,5,3,"I'm Too Sexy, de Richard Fairbrass (Right Said Fred)",David Amor,4,7,6,7,24 (6),6,12,
8,5,3,"Carita de buena, de Iván Torres (Efecto Pasillo) (Original y copia)",Raúl Pérez,6,5,5,4,20 (4),5,9,
9,5,3,"1+1=2 enamorados, de Luis Miguel",La Terremoto de Alcorcón,5,4,4,8,21 (5),4,9,
0,5,4,CL,LF,C,ÀL,Total,,,,,
1,5,4,"Digan lo que digan, de Raphael",Raúl Pérez,12,12,12,11,47 (12),12,24,
2,5,4,"What About Us, de Pink",Lucía Gil,11,11,11,12,45 (11),10,21,
3,5,4,"Terriblemente cruel, de Leiva",Lucía Jiménez,9,9,10,10,38 (10),9,19,
4,5,4,"Titanium, de Sia",Diana Navarro,7,6,6,6,25 (6),11,17,
5,5,4,"Celebration, de James ""J.T."" Taylor (Kool & The Gang)",Miquel Fernández,8,10,9,7,34 (9),8,17,
6,5,4,"Send My Love (To Your New Lover), de Adele",Fran Dieli,6,8,7,9,30 (7),7,14,
7,5,4,"Yo tenía un novio (que tocaba en un conjunto beat), de Rubi (Rubi y Los Casinos)",Pepa Aniorte,10,7,8,8,33 (8),6,14,
8,5,4,"D'Artacán y los tres mosqueperros, de D'Artacán",David Amor,5,5,5,5,20 (5),5,10,
9,5,4,"Can't Remember to Forget You, de Shakira y Rihanna (Trae un amigo) con Silvia Abril",La Terremoto de Alcorcón,4,4,4,4,16 (4),4,8,
0,5,5,CL,LF,C,ÀL,Total,,,,,
1,5,5,"Por fin, de Pablo Alborán",Fran Dieli,8,10,9,11,38 (10),12,22,
2,5,5,"Yo no te pido la luna, de Daniela Romo",Pepa Aniorte,10,9,11,10,40 (11),11,22,
3,5,5,"Papi chulo... te traigo el mmmm, de Lorna",La Terremoto de Alcorcón,12,12,12,12,48 (12),10,22,
4,5,5,"Baby, Can I Hold You, de Tracy Chapman",Lucía Jiménez,9,11,8,9,37 (9),9,18,
5,5,5,"Viva la Vida, de Chris Martin (Coldplay)",Raúl Pérez,6,8,10,7,31 (8),6,14,
6,5,5,"Pájaros de barro, de Manolo García",Miquel Fernández,7,5,6,5,23 (5),8,13,
7,5,5,"Mambo No. 5, de Lou Bega",David Amor,11,6,5,6,28 (7),5,12,
8,5,5,"In your bed, de Blas Cantó (Original y copia)",Diana Navarro,4,4,4,4,16 (4),7,11,
9,5,5,"Algo contigo, de Rosario Flores",Lucía Gil,5,7,7,8,27 (6),4,10,
0,5,6,CL,LF,C,ÀL,Total,,,,,
1,5,6,"I Still Haven't Found What I'm Looking For, de Bono (U2)",Miquel Fernández,11,11,11,11,44 (11),12,23,
2,5,6,"Las ocho y diez, de Conchita (Original y copia)",Lucía Gil,12,12,12,12,48 (12),10,22,
3,5,6,"Casta Diva, de Maria Callas",Diana Navarro,4,8,10,8,30 (7),11,18,
4,5,6,"El morrongo, de Marujita Díaz",La Terremoto de Alcorcón,10,7,8,7,32 (9),8,17,
5,5,6,"Casatshock, de Georgie Dann",Raúl Pérez,9,5,7,10,31 (8),7,15,
6,5,6,"If I'm Lucky, de Jason Derulo",Fran Dieli,7,9,9,9,34 (10),5,15,
7,5,6,"Dile que la quiero, de David Civera (Training Vip)",Pepa Aniorte,5,6,5,5,21 (5),9,14,
8,5,6,"All I Wanna Do, de Sheryl Crow",Lucía Jiménez,8,10,6,6,30 (6),6,12,
9,5,6,"Arriquitaun, de Lain",David Amor,6,4,4,4,18 (4),4,8,
0,5,7,CL,LF,C,ÀL,Total,,,,,
1,5,7,"I Wanna Dance With Somebody (Who Loves Me), de Whitney Houston",Lucía Gil,9,11,11,12,43 (11),12,23,
2,5,7,"La jota de la Dolores, de Imperio Argentina",Fran Dieli,12,12,12,11,47 (12),11,23,
3,5,7,"Con los años que me quedan, de Gloria Estefan",Diana Navarro,7,7,8,9,31 (8),10,18,
4,5,7,"Stand by my woman, de Lenny Kravitz",Miquel Fernández,10,8,9,10,37 (9),7,16,
5,5,7,You Can't Hurry Love de Phil Collins,Raúl Pérez,8,9,6,5,28 (7),8,15,
6,5,7,"Havana, de Camila Cabello",Lucía Jiménez,11,10,10,6,37 (10),5,15,
7,5,7,"Yo, dueña de la noche, de Lucía Galán (Pimpinela)",La Terremoto de Alcorcón,6,6,5,7,24 (5),9,14,
8,5,7,"Look at me, de Geri Halliwell",Pepa Aniorte,5,5,7,8,25 (6),6,12,
9,5,7,"Mi agüita amarilla, de Pablo Carbonell (Los Toreros Muertos) (Training VIP)",David Amor,4,4,4,4,16 (4),4,8,
0,5,8,CL,LF,C,ÀL,Total,,,,,
1,5,8,"Sign of the Times, de Harry Styles",Miquel Fernández,10,12,11,11,44 (11),12,23,
2,5,8,"Animals, de Adam Levine (Maroon 5)",Fran Dieli,11,10,12,12,45 (12),11,23,
3,5,8,"Sueño imposible, de Paloma San Basilio",Diana Navarro,12,11,10,9,42 (10),10,20,
4,5,8,Dance Me to the End of Love de Leonard Cohen,Raúl Pérez,9,9,9,10,37 (9),9,18,
5,5,8,"Andar conmigo, de Julieta Venegas",Lucía Jiménez,7,7,8,8,30 (8),8,16,
6,5,8,Viva la gente de Rosalía Garrido,La Terremoto de Alcorcón,5,8,4,5,22 (6),6,12,
7,5,8,"Desde mi libertad, de Ana Belén",Pepa Aniorte,6,4,6,4,20 (4),7,11,
8,5,8,"Look What You Made Me Do, de Taylor Swift",Lucía Gil,8,6,7,6,27 (7),4,11,
9,5,8,"Sangre caliente, de Kiko Rivera (Training VIP)",David Amor,4,5,5,7,21 (5),5,10,
0,5,9,CL,RL,ÀL,C,Total,,,,,
1,5,9,"Life on Mars?, de David Bowie",Miquel Fernández,12,12,11,11,46 (12),12,24,
2,5,9,"Take on Me, de Morten Harket (A-Ha)",Fran Dieli,11,11,10,12,44 (11),11,22,
3,5,9,Sopa de caracol de Julio Ardón (Banda Blanca),David Amor,9,7,12,9,37 (10),10,20,
4,5,9,"Natural Woman, de Carole King",Lucía Jiménez,10,9,7,10,36 (9),9,18,
5,5,9,"El talismán, de Rosana",Pepa Aniorte,7,8,9,8,32 (7),8,15,
6,5,9,Para no verte más de Guillermo Novellis (La Mosca Tsé-Tsé),Raúl Pérez,6,6,4,5,21 (5),7,12,
7,5,9,"Travesuras, de Nicky Jam",Lucía Gil,5,5,6,6,22 (6),6,12,
8,5,9,"Halo, de Beyoncé",Diana Navarro,8,10,8,7,33 (8),4,12,
9,5,9,All the Lovers de Kylie Minogue,La Terremoto de Alcorcón,4,4,5,4,17 (4),5,9,
0,5,10,CL,LF,C,AL,Total,,,,,
1,5,10,Frente a frente de Jeanette,Lucía Gil,11,11,7,10,39 (11),11,22,
2,5,10,"Say You Won't Let Go, de James Arthur",Raúl Pérez,10,9,10,8,37 (10),10,20,
3,5,10,"More Than Words, de Gary Cherone (Extreme)",Miquel Fernández,6,6,9,9,30 (7),12,19,
4,5,10,"Las vespas, de Concha Velasco",Diana Navarro,12,12,12,11,47 (12),7,19,
5,5,10,"I Don't Want A Lover, de Sharleen Spiteri (Texas)",Lucía Jiménez,8,10,11,6,35 (8),9,17,
6,5,10,"Vente pa' ca, de Ricky Martin",Fran Dieli,9,8,6,12,35 (9),8,17,
7,5,10,Ring My Bell de Anita Ward,La Terremoto de Alcorcón,7,5,5,7,24 (5),6,11,
8,5,10,"Mediterráneo, de Lolita Flores y Joan Manuel Serrat (Trae un amigo) con Secun de la Rosa",Pepa Aniorte,5,7,8,5,25 (6),5,11,
9,5,10,"Tarzan Boy, de Jimmy McShane (Baltimora)",David Amor,4,4,4,4,16 (4),4,8,
0,5,11,CL,LF,C,AL,Total,,,,,
1,5,11,"New York, New York, de Liza Minnelli y Luciano Pavarotti (Trae un amigo) con Edu Soto",Lucía Jiménez,12,12,12,12,48 (12),10,22,
2,5,11,"Otro amor vendrá, de Lara Fabian",Diana Navarro,10,9,7,10,36 (9),12,21,
3,5,11,"Dream On, de Steven Tyler  (Aerosmith)",Miquel Fernández,9,11,11,8,39 (10),11,21,
4,5,11,"Soy la vedette, de Gracita Morales",La Terremoto de Alcorcón,11,10,10,11,42 (11),8,19,
5,5,11,"Quiero ser, de Amaia Montero",Raúl Pérez,7,8,9,9,33 (8),9,17,
6,5,11,"Oye, de Elsa Baeza",Pepa Aniorte,8,7,8,7,30 (7),7,14,
7,5,11,"Que se mueran los feos, de Antonio Miquel Cervero ""Leslie"" (Los Sírex)",David Amor,4,5,4,5,18 (4),6,10,
8,5,11,Sorry y Love Yourself de Justin Bieber,Fran Dieli,5,6,6,4,21 (5),5,10,
9,5,11,"Say It Right, de Nelly Furtado",Lucía Gil,6,4,5,6,21 (6),4,10,
0,5,12,CL,LF,C,AL,Total,,,,,
1,5,12,"When I Fall in Love, de Nat King Cole",Miquel Fernández,11,12,9,4,36 (10),12,22,
2,5,12,"Serenade, de Cristina Llanos (Dover)",Pepa Aniorte,12,10,11,11,44 (11),11,22,
3,5,12,"I love to love, de Tina Charles",Diana Navarro,9,6,10,8,33 (9),9,18,
4,5,12,"Earned It, de The Weeknd",Fran Dieli,10,11,12,12,45 (12),6,18,
5,5,12,"Toda, de Malú",Lucía Gil,5,8,8,10,31 (7),10,17,
6,5,12,"El cielo no entiende, de Jordi Sánchez (OBK)",Raúl Pérez,8,9,7,9,33 (8),8,16,
7,5,12,"Bailaré sobre tu tumba, de Miguel Costas (Siniestro Total)",David Amor,6,5,6,6,23 (5),7,12,
8,5,12,"No sé no sé, de José Sardaña (Rumba Tres)",La Terremoto de Alcorcón,7,7,5,7,26 (6),4,10,
9,5,12,"Fame, de Irene Cara (Fame)",Lucía Jiménez,4,4,4,5,17 (4),5,9,
0,5,13,CL,LF,C,AL,Total,,,,,
1,5,13,"El amor, de Massiel",La Terremoto de Alcorcón,11,12,12,12,47 (12),12,24,
2,5,13,"Aunque tú no lo sepas, de Enrique Urquijo (Enrique Urquijo y Los Problemas)",Fran Dieli,12,10,11,11,44 (11),11,22,
3,5,13,"El rosario de mi madre, de María Dolores Pradera",Diana Navarro,9,9,9,9,36 (10),10,20,
4,5,13,"Breathless, de Andrea Corr (The Corrs)",Lucía Gil,10,8,7,5,30 (7),9,16,
5,5,13,"Historia de un amor, de Diego el Cigala",Raúl Pérez,7,7,10,10,34 (8),8,16,
6,5,13,"Dead Ringer for Love, de Meat Loaf y Cher (Trae un amigo) con Ruth Lorenzo",Miquel Fernández,8,11,8,8,35 (9),7,16,
7,5,13,"Stay, de Rihanna",Lucía Jiménez,5,6,5,7,23 (6),6,12,
8,5,13,"Hotline Bling, de Drake",David Amor,4,4,6,6,20 (5),5,10,
9,5,13,"Ni tú ni yo, de Jennifer López",Pepa Aniorte,6,5,4,4,19 (4),4,8,
0,5,14,CL,LF,C,AL,Total,,,,,
1,5,14,"Love Me, de Elvis Presley",Miquel Fernández,12,11,10,10,43 (11),12,23,
2,5,14,"Encrucijada, de Marifé de Triana",Diana Navarro,11,12,12,11,46 (12),11,23,
3,5,14,"Perfect, de Ed Sheeran",Fran Dieli,9,10,11,12,42 (10),10,20,
4,5,14,"Celos, de Tamara (Original y copia)",Pepa Aniorte,6,9,8,9,32 (8),9,17,
5,5,14,"Gitana, de Shakira",Lucía Gil,10,8,9,7,34 (9),8,17,
6,5,14,"Velaske, yo soi guapa?, de Margarita de Austria y Diego Velázquez (Playground Fire) (Dos en uno)",David Amor,8,7,7,8,30 (7),7,14,
7,5,14,"Time is Running Out, de Matt Bellamy (Muse)",Raúl Pérez,7,6,6,6,25 (6),6,12,
8,5,14,"Estando contigo, de Pepa Flores",Lucía Jiménez,4,4,4,5,17 (4),5,9,
9,5,14,"New Rules, de Dua Lipa",La Terremoto de Alcorcón,5,5,5,4,19 (5),4,9,
0,5,15,CL,LF,C,AL,Total,,,,,
1,5,15,"Bailar pegados, de Sergio Dalma",Raúl Pérez,12,9,12,12,45 (12),11,23,
2,5,15,"Quédate conmigo, de Pastora Soler",Diana Navarro,10,12,10,9,41 (10),12,22,
3,5,15,"Vivo cantando, de Salomé",Pepa Aniorte,11,10,11,11,43 (11),10,21,
4,5,15,"Nel blu dipinto di blu (Volare), de Domenico Modugno",Miquel Fernández,9,11,9,10,39 (9),8,17,
5,5,15,"Dancing in the Rain, de Ruth Lorenzo",Fran Dieli,8,6,7,6,27 (7),9,16,
6,5,15,"La, la, la, de Massiel",La Terremoto de Alcorcón,7,5,8,8,28 (8),7,15,
7,5,15,"Waterloo, de Anni-Frid Lyngstad (ABBA) con Olga Hueso (Agnetha Fältskog)",Lucía Jiménez,6,8,6,4,24 (6),6,12,
8,5,15,"Dime, de Beth",Lucía Gil,4,4,4,5,17 (4),5,9,
9,5,15,"A-ba-ni-bi, de Izhar Cohen",David Amor,5,7,5,7,24 (5),4,9,
0,5,16,CL,LF,C,AL,Total,,,,,
1,5,16,"Cry me a river, de Justin Timberlake",Fran Dieli,11,12,12,11,46 (12),12,24,
2,5,16,"Lo eres todo, de Luz Casal",Pepa Aniorte,8,9,10,12,39 (10),11,21,
3,5,16,"Y sin embargo, de Joaquín Sabina",Raúl Pérez,12,10,11,10,43 (11),9,20,
4,5,16,"You Make Me Feel (Mighty Real), de Sylvester",Miquel Fernández,10,11,9,9,39 (9),10,19,
5,5,16,"Dreams, de Dolores O'Riordan (The Cranberries)",Lucía Gil,6,7,8,8,29 (7),8,15,
6,5,16,"Love Me Like You Do, de Ellie Goulding",Lucía Jiménez,9,8,7,7,31 (8),7,15,
7,5,16,"Inmensidad, de Mónica Naranjo",Diana Navarro,7,6,6,4,23 (6),6,12,
8,5,16,"Échame la culpa, de Luis Fonsi y Demi Lovato (Trae un amigo) con Adriana Abenia",David Amor,4,4,5,6,19 (5),5,10,
9,5,16,"Bailando, de María Isabel García Asensio (Paradisio)",La Terremoto de Alcorcón,5,5,4,5,19 (4),4,8,
0,5,17,CL,LF,C,AL,Total,,,,,
1,5,17,"I Believe I Can Fly, de R Kelly",Miquel Fernández,10,11,11,8,40 (11),12,23,
2,5,17,"Gwendolyne, de Pitingo",Fran Dieli,11,12,12,12,47 (12),11,23,
3,5,17,"The Boy From Ipanema, de Ella Fitzgerald",Diana Navarro,8,9,8,9,34 (9),10,19,
4,5,17,"Tocaré, de Aurora Beltrán (Tahúres Zurdos)",Pepa Aniorte,12,10,10,7,39 (10),9,19,
5,5,17,"Better in Time, de Leona Lewis",Lucía Gil,6,6,9,11,32 (8),8,16,
6,5,17,"Torn, de Natalie Imbruglia",Lucía Jiménez,9,7,7,6,29 (6),7,13,
7,5,17,"Se nos rompió el amor, de Rocío Jurado",La Terremoto de Alcorcón,5,5,5,5,20 (5),6,11,
8,5,17,"Contigo soy feliz, de Nino Bravo",Raúl Pérez,7,8,6,10,31 (7),4,11,
9,5,17,"Arriba y abajo, de Coyote Dax",David Amor,4,4,4,4,16 (4),5,9,
0,5,18,CL,SS,C,AL,Total,,,,,
1,5,18,"Tengo un trato, de Mala Rodríguez",Lucía Jiménez,9,12,12,12,45 (12),10,22,
2,5,18,"Only You (And You Alone), de Tony Williams (The Platters)",Fran Dieli,7,6,11,9,33 (9),12,21,
3,5,18,"Stop, de Sam Brown",Lucía Gil,10,10,10,10,40 (10),11,21,
4,5,18,"Diamonds are Forever, de Shirley Bassey",La Terremoto de Alcorcón,12,11,6,11,40 (11),5,16,
5,5,18,"Anytime You Need a Friend, de Mariah Carey",Diana Navarro,6,7,7,7,27 (6),9,15,
6,5,18,"El beso, de Esperanza Roy",Pepa Aniorte,5,8,8,8,29 (7),7,14,
7,5,18,"Te quiero igual, de Andrés Calamaro",Raúl Pérez,8,9,9,6,32 (8),6,14,
8,5,18,"Do You Remember Rock 'n' Roll Radio?, de Joey Ramone (Ramones)",David Amor,11,5,5,5,26 (5),8,13,
0,6,0,CL,LF,C,ÀL,Total,,,,,
1,6,0,Swish Swish de Katy Perry,Soraya Arnelas,11,11,12,12,46 (12),12,24,
2,6,0,Fuego de Eleni Foureira,Mimi Doblas,10,8,11,9,38 (11),11,22,
3,6,0,Rock DJ de Robbie Williams,Jordi Coll,8,12,9,8,37 (9),10,19,
4,6,0,Blanco y negro de Malú,María Villalón,12,9,6,10,37 (10),9,19,
5,6,0,Chambea de Bad Bunny,Brays Efe,9,7,8,11,35 (8),7,15,
6,6,0,It's now or never de Elvis Presley,Carlos Baute,7,10,10,6,33 (7),8,15,
7,6,0,Dame tu cosita de El Chombo,Anabel Alonso,4,5,5,5,19 (5),6,11,
8,6,0,Pavo real de El Puma,José Corbacho,6,6,7,7,26 (6),4,10,
9,6,0,Have You Ever Seen the Rain? de Rod Stewart,Manu Sánchez,5,4,4,4,17 (4),5,9,
0,6,1,CL,LF,C,ÀL,Total,,,,,
1,6,1,Tú y yo de Thalía,Mimi Doblas,12,11,11,12,46 (12),12,24,
2,6,1,Lo mal que estoy (y lo poco que me quejo) de El Kanka,Manu Sánchez,11,10,12,11,44 (11),11,22,
3,6,1,Jolene de Dolly Parton,Soraya Arnelas,10,9,10,10,39 (10),9,19,
4,6,1,Toy de Netta Barzilai,Brays Efe,6,8,8,8,30 (7),10,17,
5,6,1,Skyfall de Adele,María Villalón,7,12,9,4,32 (9),8,17,
6,6,1,Corazón de Maluma,Carlos Baute,9,7,7,9,32 (8),5,13,
7,6,1,Y yo sigo aquí de Paulina Rubio,Anabel Alonso,5,6,6,7,24 (6),6,12,
8,6,1,Será que no me amas de Luis Miguel,Jordi Coll,4,4,4,6,18 (4),7,11,
9,6,1,God Save the Queen de Johnny Rotten (Sex Pistols),José Corbacho,8,5,5,5,23 (5),4,9,
0,6,2,CL,LF,C,ÀL,Total,,,,,
1,6,2,Sueños inalcanzables de Ángeles Muñoz (Camela),María Villalón,11,12,12,12,47 (12),11,23,
2,6,2,I Like It de Cardi B,Carlos Baute,10,11,9,11,41 (11),12,23,
3,6,2,Cómeme el donut de Jirafa Rey (Glitch Gyals) (Trae un amigo) con Silvia Abril como Lapili,José Corbacho,12,9,8,6,35 (9),9,18,
4,6,2,It's Oh So Quiet de Björk,Mimi Doblas,9,10,11,10,40 (10),8,18,
5,6,2,Veneno de Isabel Pantoja,Soraya Arnelas,5,8,10,9,32 (8),10,18,
6,6,2,Wonderwall de Liam Gallagher (Oasis),Brays Efe,7,7,7,8,29 (7),7,14,
7,6,2,Freedom! '90 de George Michael,Jordi Coll,6,6,6,7,25 (6),6,12,
8,6,2,Mi novio es un zombi de Alaska (Alaska y Dinarama) (Te lo robo - Soraya Arnelas),Anabel Alonso,4,5,4,4,17 (4),5,9,
9,6,2,Vida loca de Pancho Céspedes,Manu Sánchez,8,4,5,5,22 (5),4,9,
0,6,3,CL,LF,C,ÀL,Total,,,,,
1,6,3,I put a spell on you de Annie Lennox,Soraya Arnelas,12,12,11,12,47 (12),12,24,
2,6,3,Sin pijama de Natti Natasha (Trae un amigo) con Ana Guerra como Becky G,Mimi Doblas,9,7,10,11,37 (9),11,20,
3,6,3,El Inspector Gadget de Inspector Gadget,Manu Sánchez,10,11,8,9,38 (10),8,18,
4,6,3,Sweet child o' mine de Axl Rose (Guns N' Roses),Carlos Baute,8,6,7,8,29 (8),9,17,
5,6,3,Aquarius de Raphael,José Corbacho,11,10,12,10,43 (11),5,16,
6,6,3,Nothing's gonna stop me now de Samantha Fox,Anabel Alonso,6,9,5,4,24 (5),10,15,
7,6,3,Un rayo de sol de Agustín Ramírez (Los Diablos),Brays Efe,7,5,9,5,26 (7),7,14,
8,6,3,Sopa fría de Carlos Tarque (M Clan),Jordi Coll,5,8,6,7,26 (6),6,12,
9,6,3,Me enamoré de Shakira,María Villalón,4,4,4,6,18 (4),4,8,
0,6,4,SS,LF,C,ÀL,Total,,,,,
1,6,4,"Cocinero, cocinero de Antonio Molina",María Villalón,12,12,12,12,48 (12),12,24,
2,6,4,Malamente de Rosalía,Soraya Arnelas,10,11,11,11,43 (11),11,22,
3,6,4,El anillo de Jennifer Lopez,Mimi Doblas,11,10,10,9,40 (10),10,20,
4,6,4,Cachito de Nat King Cole,Carlos Baute,9,9,9,7,34 (9),9,18,
5,6,4,Hung Up de Madonna,Jordi Coll,8,8,7,8,31 (8),8,16,
6,6,4,Ese hombre de Rocío Jurado,Anabel Alonso,4,7,8,10,29 (7),7,14,
7,6,4,U Can't Touch This de MC Hammer,Manu Sánchez,5,6,6,6,23 (6),6,12,
8,6,4,Rock & roll en la plaza del pueblo de Alejo Stivel (Tequila) (Original y copia),José Corbacho,7,5,5,5,22 (5),5,10,
9,6,4,Your song de Rita Ora,Brays Efe,6,4,4,4,18 (4),4,8,
0,6,5,SS,LF,C,ÀL,Total,,,,,
1,6,5,Cinco tres cinco tres cuatro cinco seis de Raffaella Carrà,Anabel Alonso,8,11,12,11,42 (11),12,23,
2,6,5,La flor de la canela de María Dolores Pradera,María Villalón,12,12,11,12,47 (12),10,22,
3,6,5,Beat it de Michael Jackson,Carlos Baute,9,9,6,9,33 (8),11,19,
4,6,5,Sin miedo a nada de Álex Ubago (Trae un amigo) con Melody como Amaia Montero,Manu Sánchez,11,8,9,8,36 (10),8,18,
5,6,5,La quiero a morir de Manzanita,Brays Efe,10,10,8,7,35 (9),7,16,
6,6,5,One Kiss de Dua Lipa,Soraya Arnelas,6,6,10,10,32 (7),9,16,
7,6,5,La cintura de Álvaro Soler (Original y copia),Jordi Coll,5,7,7,6,25 (6),5,11,
8,6,5,American Idiot de Billie Joe Armstrong (Green Day) (Te lo robo - Carlos Baute),Mimi Doblas,7,4,5,5,21 (5),6,11,
9,6,5,La revolución sexual de Guille Milkyway (La Casa Azul),José Corbacho,4,5,4,4,17 (4),4,8,
0,6,6,SS,LF,C,ÀL,Total,,,,,
1,6,6,Super Freak de Rick James,Jordi Coll,11,11,12,12,46 (12),12,24,
2,6,6,Recuérdame y Un poco loco de Miguel Rivera (Coco),Carlos Baute,9,12,11,8,40 (10),11,21,
3,6,6,Friends de Anne-Marie,María Villalón,12,10,10,11,43 (11),10,21,
4,6,6,Dirrty de Christina Aguilera,Mimi Doblas,10,9,9,9,37 (9),9,18,
5,6,6,Mambo tequila de Encarna Salazar (Azúcar Moreno) (Trae un amigo) con Bibiana Fernández como Toñi Salazar,Anabel Alonso,8,7,8,4,27 (7),7,14,
6,6,6,Still Loving You de Klaus Meine (Scorpions),Soraya Arnelas,4,5,6,7,22 (6),8,14,
7,6,6,Ellos las prefieren gordas de Javier Gurruchaga (Orquesta Mondragón) (Te lo robo - José Corbacho),Manu Sánchez,7,8,7,10,32 (8),4,12,
8,6,6,De pata negra de Melody,José Corbacho,6,6,4,6,22 (5),6,11,
9,6,6,Besos en guerra de Juan Pablo Isaza (Morat),Brays Efe,5,4,5,5,19 (4),5,9,
0,6,7,SS,LF,C,ÀL,Total,,,,,
1,6,7,I Try de Macy Gray,Mimi Doblas,10,10,11,9,40 (10),12,22,
2,6,7,Only the lonely de Roy Orbison,Jordi Coll,9,11,10,11,41 (11),11,22,
3,6,7,Where Have You Been de Rihanna,Soraya Arnelas,12,12,12,12,48 (12),10,22,
4,6,7,Eres diferente de Estela Raval (Los Cinco Latinos),Anabel Alonso,11,7,6,10,34 (9),9,18,
5,6,7,Mala mujer de C. Tangana,Brays Efe,7,9,9,8,33 (8),7,15,
6,6,7,Nada que perder de Conchita,María Villalón,8,8,8,7,31 (7),8,15,
7,6,7,La cosa más bella de Eros Ramazzotti,Carlos Baute,6,6,7,5,24 (6),6,12,
8,6,7,Súbeme la radio de Enrique Iglesias,José Corbacho,4,4,4,4,16 (4),5,9,
9,6,7,Ay qué gustito pa mis orejas de Raimundo Amador,Manu Sánchez,5,5,5,6,21 (5),4,9,
0,6,8,CL,LF,C,ÀL,Total,,,,,
1,6,8,Treasure de Bruno Mars,Carlos Baute,10,12,12,11,45 (12),12,24,
2,6,8,Malo de Bebe,Mimi Doblas,11,11,11,12,45 (11),11,22,
3,6,8,Personal Jesus de Dave Gahan (Depeche Mode),Jordi Coll,12,10,10,8,40 (10),10,20,
4,6,8,Una estrella en mi jardín de Mari Trini (Te lo robo - Anabel Alonso),Soraya Arnelas,9,8,9,9,35 (9),9,18,
5,6,8,Symphony  de Zara Larsson,María Villalón,8,9,8,7,32 (8),8,16,
6,6,8,En tu cruz me clavaste de Chenoa,Anabel Alonso,5,5,5,6,21 (6),7,13,
7,6,8,Champú de huevo de Tino Casal,José Corbacho,7,7,7,10,31 (7),5,12,
8,6,8,Mira ven ven de Chayanne,Brays Efe,6,4,6,4,20 (5),6,11,
9,6,8,Esta vez de Cepeda (Original y copia),Manu Sánchez,4,6,4,5,19 (4),4,8,
0,6,9,CL,LF,C,ÀL,Total,,,,,
1,6,9,A la pelota de Dolores Vargas,María Villalón,11,12,12,11,46 (12),12,24,
2,6,9,Demons y Radioactive de Dan Reynolds (Imagine Dragons),Jordi Coll,10,10,11,12,43 (11),11,22,
3,6,9,Young and Beautiful de Lana del Rey,Soraya Arnelas,12,11,9,10,42 (10),10,20,
4,6,9,Me dediqué a perderte de Alejandro Fernández,Manu Sánchez,9,9,6,9,33 (9),8,17,
5,6,9,Pégate de Ricky Martin,Carlos Baute,6,7,10,8,31 (8),7,15,
6,6,9,...Baby One More Time de Britney Spears,Mimi Doblas,5,6,7,5,23 (5),9,14,
7,6,9,Hey! de Julio Iglesias,Brays Efe,7,8,8,7,30 (7),6,13,
8,6,9,Mazinger Z de Mazinger Z,José Corbacho,8,5,5,6,24 (6),5,11,
9,6,9,Pobre secretaria de Daniela Romo,Anabel Alonso,4,4,4,4,16 (4),4,8,
0,6,10,CL,LF,C,ÀL,Total,,,,,
1,6,10,Love Is a Losing Game de Amy Winehouse,Mimi Doblas,11,11,12,12,46 (12),12,24,
2,6,10,Fever y Disco Inferno de Tina Turner,José Corbacho,12,12,10,11,45 (11),11,22,
3,6,10,Ladies choice de Zac Efron (Hairspray),Carlos Baute,8,9,11,9,37 (10),10,20,
4,6,10,Nadie me ama de Sara Montiel,Brays Efe,10,8,7,10,35 (9),8,17,
5,6,10,Él no soy yo de Blas Cantó (Original y Copia),María Villalón,7,7,8,6,28 (7),9,16,
6,6,10,Get Outta My Way de Kylie Minogue,Soraya Arnelas,9,10,9,7,35 (8),6,14,
7,6,10,Él de  Lucía,Anabel Alonso,6,5,6,8,25 (6),7,13,
8,6,10,Al calor del amor en un bar de Jaime Urrutia (Gabinete Caligari) (Te lo robo - Brays Efe),Jordi Coll,4,6,5,4,19 (5),5,10,
9,6,10,She's a Lady de  Tom Jones,Manu Sánchez,5,4,4,5,18 (4),4,8,
0,6,11,CL,LF,C,ÀL,Total,,,,,
1,6,11,Se me olvidó otra vez de Juan Gabriel (Te lo robo - Manu Sánchez),Carlos Baute,12,10,12,12,46 (12),10,22,
2,6,11,Je veux de Zaz,María Villalón,10,11,10,6,37 (10),11,21,
3,6,11,Gettin' Jiggy Wit It de Will Smith,Jordi Coll,7,8,8,11,34 (8),12,20,
4,6,11,En un mundo nuevo de Karina,Soraya Arnelas,11,12,11,10,44 (11),9,20,
5,6,11,Buttons de Nicole Scherzinger (Pussycat Dolls)  (Trae un amigo) con las bailarinas de Lola Indigo,Mimi Doblas,9,9,9,9,36 (9),8,17,
6,6,11,Dame otra oportunidad y Cántame de María del Monte,Brays Efe,6,7,6,7,26 (7),7,14,
7,6,11,Yé Ké Yé Ké de Mory Kanté,Anabel Alonso,8,6,5,5,24 (5),6,11,
8,6,11,Mi Salamanca de Rafael Farina,José Corbacho,5,5,7,8,25 (6),5,11,
9,6,11,Angelito de Carlos Baute,Manu Sánchez,4,4,4,4,16 (4),4,8,
0,6,12,CL,LF,C,ÀL,Total,,,,,
1,6,12,Endless Love de Lionel Richie (Trae un amigo) con Ruth Lorenzo como Diana Ross,Carlos Baute,12,12,12,12,48 (12),12,24,
2,6,12,Down de Junior,Mimi Doblas,10,6,10,11,37 (10),10,20,
3,6,12,Sunday Girl de Deborah Harry (Blondie),Soraya Arnelas,11,11,9,8,39 (11),9,20,
4,6,12,El sitio de mi recreo de Antonio Vega,Jordi Coll,8,10,8,7,33 (8),11,19,
5,6,12,Lose Yourself de Eminem,Brays Efe,7,9,7,9,32 (7),8,15,
6,6,12,Hasta el amanecer de Nicky Jam,María Villalón,6,7,11,10,34 (9),6,15,
7,6,12,Lady Veneno de Massiel,Anabel Alonso,9,8,6,6,29 (6),7,13,
8,6,12,This is love de Will.i.am (Trae un amigo) con Lucía Gil como Eva Simons,José Corbacho,5,5,5,5,20 (5),4,9,
9,6,12,Yo debí enamorarme de tu madre de Bertín Osborne,Manu Sánchez,4,4,4,4,16 (4),5,9,
0,6,13,CL,LF,C,ÀL,Total,,,,,
1,6,13,Puttin' on the Ritz de Fred Astaire,Carlos Baute,8,11,11,10,40 (10),12,22,
2,6,13,Song 2 de Damon Albarn (Blur),Jordi Coll,12,12,12,12,48 (12),8,20,
3,6,13,Queen of the night de Whitney Houston,Soraya Arnelas,10,9,10,9,38 (9),11,20,
4,6,13,Celoso de Lele Pons,María Villalón,7,8,7,8,30 (7),10,17,
5,6,13,Diamonds are a girl's best friend de Nicole Kidman (Moulin Rouge!),Mimi Doblas,9,7,9,7,32 (8),9,17,
6,6,13,"Hello, Dolly! y Rock Rockefeller de José Luis Moreno y Rockefeller",Brays Efe,11,10,8,11,40 (11),4,15,
7,6,13,La Llorona de Chavela Vargas,Manu Sánchez,6,6,6,6,24 (6),7,13,
8,6,13,Cabecita loca de Conchita Bautista,Anabel Alonso,4,4,5,4,17 (4),6,10,
9,6,13,Así me gusta a mí de Azuquita,José Corbacho,5,5,4,5,19 (5),5,10,
0,7,0,CL,LF,C,ÀL,Total,,,,,
1,7,0,Soldi de Mahmood,Jorge González,11,12,12,11,46 (12),12,24,
2,7,0,Desátame de Mónica Naranjo,Cristina Ramos,12,11,11,8,42 (11),10,21,
3,7,0,Bad Guy de Billie Eilish,María Isabel,10,8,9,9,36 (9),11,20,
4,7,0,I only want to be with you de Dusty Springfield,Nerea Rodríguez,8,9,10,10,37 (10),9,19,
5,7,0,Que te quería de Natalia Jiménez (La Quinta Estación),Rocío Madrid,6,7,7,6,26 (6),8,14,
6,7,0,Contando lunares de Don Patricio y Cruz Cafuné,Gemeliers,9,10,8,5,32 (8),6,14,
7,7,0,Con calma de Daddy Yankee,El Monaguillo,7,6,6,4,23 (5),7,12,
8,7,0,"Mamá, dame cien pesetas de Raffaella Carrà",Mario Vaquerizo,5,5,5,12,27 (7),5,12,
9,7,0,True Blue de Madonna,Belinda Washington,4,4,4,7,19 (4),4,8,
0,7,1,CL,LF,C,ÀL,Total,,,,,
1,7,1,Dos hombres y un destino de David Bustamante y Àlex Casademunt,Gemeliers,12,12,12,11,47 (12),12,24,
2,7,1,God Is a Woman de Ariana Grande,Nerea Rodríguez,11,8,11,12,42 (11),9,20,
3,7,1,En el último minuto de Miguel Poveda,Jorge González,6,11,10,4,31 (8),11,19,
4,7,1,Eres mia de Romeo Santos,María Isabel,9,9,8,9,35 (9),8,17,
5,7,1,I Was Made for Loving' You de Paul Stanley (Kiss),Mario Vaquerizo,4,6,5,10,25 (6),10,16,
6,7,1,Ahora estoy mejor de Isa P,Belinda Washington,10,10,9,8,37 (10),6,16,
7,7,1,Let's get Loud de Jennifer Lopez,Cristina Ramos,5,4,6,5,20 (4),7,11,
8,7,1,Echo de menos de Kiko Veneno,El Monaguillo,8,7,7,6,28 (7),4,11,
9,7,1,Trébole de Rocío Dúrcal,Rocío Madrid,7,5,4,7,23 (5),5,10,
0,7,2,CL,LF,C,ÀL,Total,,,,,
1,7,2,Hot Stuff de Donna Summer,Cristina Ramos,11,12,12,12,47 (12),11,23,
2,7,2,Mariana mambo de Chayanne,Jorge González,9,11,10,11,41 (11),10,21,
3,7,2,Summer nights de John Travolta con Eva Soriano como Olivia Newton-John (Te lo robo - Gemeliers),Mario Vaquerizo,10,8,5,9,32 (8),12,20,
4,7,2,Nada sale mal de Aitana Ocaña,Rocío Madrid,12,7,9,8,36 (10),9,19,
5,7,2,Todas las flores de Soledad Giménez (Presuntos Implicados),Nerea Rodríguez,7,9,8,10,34 (9),7,16,
6,7,2,Mayores de Bad Bunny y Becky G,Gemeliers,5,10,11,6,32 (7),6,13,
7,7,2,Así fue de Isabel Pantoja,María Isabel,6,4,6,5,21 (5),8,13,
8,7,2,Because the Night de Patti Smith,Belinda Washington,8,6,7,7,28 (6),5,11,
9,7,2,"Don't Worry, Be Happy de Bobby McFerrin",El Monaguillo,4,5,4,4,17 (4),4,8,
0,7,3,CL,LF,C,ÀL,Total,,,,,
1,7,3,Inmortal de Leire Martínez (La Oreja de Van Gogh),María Isabel,12,10,12,12,46 (12),12,24,
2,7,3,No de Shakira (Te lo robo - Rocío Madrid),Cristina Ramos,11,11,11,10,43 (11),9,20,
3,7,3,I Don't Care de Ed Sheeran y Justin Bieber,Gemeliers,8,12,10,6,36 (9),10,19,
4,7,3,La mandanga de El Fary,Rocío Madrid,7,7,7,7,28 (7),11,18,
5,7,3,Lush Life de Zara Larsson,Nerea Rodríguez,10,8,9,11,38 (10),8,18,
6,7,3,"Relax, Take It Easy de Mika",Jorge González,9,9,8,9,35 (8),6,14,
7,7,3,Fotonovela de Iván,Mario Vaquerizo,6,6,6,8,26 (6),7,13,
8,7,3,Vamos muy bien de Fortu Sánchez (Obús),El Monaguillo,4,4,5,4,17 (4),5,9,
9,7,3,You Gotta Be de Des'ree,Belinda Washington,5,5,4,5,19 (5),4,9,
